momento1,momento2,momento3,momento4,momento5,momento6,momento7,poligono
0.160387,6.7889e-07,1.02737e-07,2.28156e-10,7.02553e-19,1.59246e-13,8.52403e-19,Hexagon
0.160402,1.00973e-06,7.07973e-07,1.23397e-09,7.66108e-18,-1.23785e-12,-3.56589e-17,Hexagon
0.160385,2.8937e-07,7.40843e-10,4.88091e-12,2.57475e-22,1.64255e-15,-1.40894e-22,Hexagon
0.160369,3.37173e-08,2.74777e-09,1.10755e-12,-3.70378e-23,2.52202e-17,4.85929e-23,Hexagon
0.160386,1.73789e-07,1.759e-09,3.78878e-11,9.32816e-21,1.28051e-14,-2.94163e-21,Hexagon
0.160345,1.10565e-07,5.11294e-10,6.44844e-11,4.29716e-21,-1.5826e-15,-1.08919e-20,Hexagon
0.160344,8.5839e-08,2.48288e-07,6.30997e-11,3.61794e-20,-1.41585e-14,-2.47124e-19,Hexagon
0.160437,1.81831e-07,4.456e-11,1.06688e-10,-2.31698e-21,6.26583e-15,6.98167e-21,Hexagon
0.160362,7.65825e-08,1.69743e-09,7.27067e-11,-7.12808e-21,1.42001e-14,2.45274e-20,Hexagon
0.160382,7.72603e-07,5.01541e-09,1.20825e-10,-9.36713e-20,-6.19057e-14,8.50702e-21,Hexagon
0.160347,5.46628e-07,1.70911e-09,7.53947e-10,-5.7268e-19,-1.88216e-13,6.36013e-19,Hexagon
0.160352,4.40966e-07,9.08533e-09,6.90176e-10,-7.37546e-19,3.95199e-13,1.56299e-18,Hexagon
0.160379,9.90285e-08,8.26479e-10,7.7797e-12,-3.76038e-22,2.07766e-15,-4.97744e-22,Hexagon
0.160364,7.13949e-07,2.29415e-07,3.15494e-12,5.53209e-22,-8.29707e-16,2.62646e-21,Hexagon
0.1604,6.23922e-07,3.93416e-09,4.22047e-10,1.94037e-19,2.38216e-13,5.08041e-19,Hexagon
0.160382,4.47167e-07,2.15655e-09,2.30869e-10,1.59559e-19,-6.82931e-14,-3.28375e-20,Hexagon
0.160378,7.30166e-08,3.41414e-10,2.74161e-13,-2.54364e-24,7.38141e-17,7.51945e-25,Hexagon
0.16039,2.93327e-07,5.03507e-09,6.06045e-12,-6.65887e-23,-2.94908e-16,-1.05657e-21,Hexagon
0.160381,1.53164e-07,3.06911e-09,1.07717e-10,-5.80068e-20,4.13023e-14,-2.17048e-20,Hexagon
0.160383,1.5072e-07,1.16751e-09,3.05394e-13,5.08096e-24,-6.82144e-17,-2.72722e-24,Hexagon
0.160253,1.24883e-06,4.71138e-08,2.42388e-10,5.47681e-19,-2.65036e-13,-6.09085e-19,Hexagon
0.160371,1.40403e-06,2.88795e-08,8.15673e-11,6.4052e-20,7.98565e-15,1.07563e-19,Hexagon
0.160371,1.4442e-07,1.12176e-08,4.23566e-10,-8.04866e-19,1.59215e-13,-4.52356e-19,Hexagon
0.160383,2.58056e-07,6.8879e-09,9.81368e-12,6.76522e-22,4.07618e-15,-2.46015e-21,Hexagon
0.160427,2.73528e-07,3.20837e-08,4.44926e-11,2.54814e-20,2.2998e-14,4.66535e-20,Hexagon
0.16034,9.65548e-08,1.25709e-10,2.24707e-11,1.07223e-21,5.66246e-15,5.25973e-22,Hexagon
0.160361,7.45156e-08,9.61159e-10,2.17451e-11,1.86848e-22,5.60702e-15,3.13813e-21,Hexagon
0.160369,4.9584e-07,8.52191e-08,5.79588e-09,-4.24535e-17,-4.03011e-12,-1.21612e-16,Hexagon
0.160396,1.37167e-07,2.38848e-08,1.42834e-10,7.10989e-20,3.60267e-14,-2.54058e-19,Hexagon
0.16032,1.38625e-06,6.4644e-07,9.9003e-10,2.14226e-17,-5.26189e-13,-1.29757e-17,Hexagon
0.16037,1.29447e-07,1.5186e-09,7.06012e-11,1.21764e-20,-2.11422e-14,1.96507e-20,Hexagon
0.160447,5.50386e-06,2.22695e-06,5.50818e-10,1.83177e-17,1.28945e-12,-6.05178e-18,Hexagon
0.160405,2.2284e-07,2.17455e-09,1.07281e-12,-7.19449e-24,2.12971e-16,5.13144e-23,Hexagon
0.160374,3.24047e-06,4.93653e-09,6.19119e-12,1.06835e-21,6.42434e-15,-1.73608e-22,Hexagon
0.160353,3.60825e-06,1.17307e-08,1.17283e-10,-1.28473e-19,2.10189e-13,4.9185e-20,Hexagon
0.160377,9.75986e-08,4.82756e-10,3.86342e-12,-1.64739e-22,-1.18968e-15,2.64457e-23,Hexagon
0.160355,1.73763e-07,1.072e-09,9.36268e-11,1.16148e-20,-3.43527e-14,2.72932e-20,Hexagon
0.160376,1.41576e-07,3.07535e-09,1.05333e-10,4.66506e-20,2.74695e-14,-3.76532e-20,Hexagon
0.160369,3.84098e-07,1.98199e-09,8.16457e-11,-7.57997e-21,-5.05981e-14,3.1957e-20,Hexagon
0.160247,6.14603e-07,8.16174e-08,2.04453e-09,-2.34174e-17,5.23767e-13,1.22128e-17,Hexagon
0,0,0,0,0,0,0,Hexagon
0.160332,6.85323e-07,1.5454e-09,2.04839e-12,5.73414e-23,1.68087e-15,9.99725e-23,Hexagon
0.160306,1.59447e-06,6.00944e-07,6.82672e-10,1.03707e-17,2.95185e-13,-9.14552e-18,Hexagon
0.1604,3.18364e-07,1.20452e-08,1.77926e-10,8.93797e-20,8.90749e-14,2.4466e-19,Hexagon
0.160364,1.71971e-07,3.76463e-10,7.42317e-11,1.89968e-21,-1.08179e-14,1.2263e-20,Hexagon
0.16037,9.39371e-08,7.26307e-09,2.79229e-12,3.95929e-22,8.36914e-16,-3.69536e-23,Hexagon
0.160372,2.29096e-07,3.91606e-09,3.40136e-11,-5.64046e-21,1.62267e-14,1.10583e-20,Hexagon
0.160134,1.18741e-06,8.14738e-07,6.14948e-08,-1.17039e-14,-1.18521e-12,-7.24467e-15,Hexagon
0.160119,1.64822e-05,8.6277e-06,3.83732e-09,-5.16639e-16,-1.45513e-11,-4.69669e-16,Hexagon
0.16045,1.56015e-07,1.24467e-07,2.62169e-10,-1.24813e-18,5.6716e-14,8.27656e-19,Hexagon
0.16039,3.12322e-07,1.90868e-09,9.57214e-11,4.08388e-20,1.53063e-14,-2.49326e-21,Hexagon
0.160365,1.41503e-07,2.24574e-12,1.12373e-11,-5.47909e-23,-2.11582e-15,1.35903e-23,Hexagon
0.160375,6.84734e-07,1.90617e-07,3.20351e-09,-5.06149e-17,-2.26211e-12,-6.08675e-17,Hexagon
0.160284,2.3015e-06,2.1471e-08,2.4249e-10,2.50449e-19,-1.2728e-13,-4.9338e-19,Hexagon
0.160379,8.46212e-08,4.81179e-10,4.83407e-12,-2.15371e-22,-3.38402e-19,8.92821e-23,Hexagon
0.160362,2.32662e-07,4.8902e-09,1.22936e-10,8.96281e-20,1.82669e-14,-3.24457e-20,Hexagon
0.160415,5.92087e-07,1.95716e-08,8.88648e-10,-1.64278e-18,5.59602e-13,3.32203e-18,Hexagon
0.160434,4.44285e-07,3.65267e-08,1.18574e-10,7.47154e-20,-6.57473e-14,2.35185e-19,Hexagon
0.160377,1.80305e-07,7.63193e-09,6.96892e-11,-3.10469e-20,-2.79731e-14,-4.02384e-20,Hexagon
0.160376,2.20691e-07,6.02648e-08,9.23273e-10,-5.28757e-18,-1.69472e-13,-4.41268e-18,Hexagon
0.160295,9.44011e-07,1.6533e-10,1.82467e-10,1.23092e-20,-1.63696e-13,2.9204e-20,Hexagon
0.160372,1.56075e-08,4.01825e-08,2.13359e-13,-1.95931e-23,-1.88698e-17,-2.52722e-24,Hexagon
0.160388,1.88882e-07,7.5741e-09,2.86715e-10,3.47954e-19,-5.77769e-14,2.39678e-19,Hexagon
0.160496,2.78132e-06,5.58711e-07,2.21862e-08,1.67453e-15,3.53334e-11,-1.8159e-15,Hexagon
0.160376,1.05303e-07,8.64076e-10,3.34247e-10,1.64164e-19,-1.07682e-13,7.29179e-20,Hexagon
0.160356,2.76185e-07,8.25225e-09,1.267e-10,8.1974e-20,-6.61134e-14,1.00322e-19,Hexagon
0.160383,2.05828e-07,1.96017e-09,2.96418e-11,-6.86327e-21,-4.46746e-15,1.9866e-21,Hexagon
0.160374,1.4896e-07,2.51174e-09,6.15685e-11,9.37084e-21,-1.94168e-14,2.23247e-20,Hexagon
0.160362,9.25132e-07,1.26205e-07,1.19798e-09,1.46886e-17,-1.15156e-12,1.10868e-18,Hexagon
0.16037,1.79257e-05,1.34025e-07,1.73448e-09,1.76933e-17,5.31941e-12,1.96546e-17,Hexagon
0.160363,5.0499e-08,3.48806e-09,1.0287e-10,4.35608e-20,2.2898e-14,4.35839e-20,Hexagon
0.160389,3.31203e-07,8.99958e-08,5.76147e-10,-3.95861e-18,2.04364e-13,-1.24138e-18,Hexagon
0.160429,6.07921e-07,2.4258e-08,3.19804e-10,-1.99569e-19,7.73185e-14,-8.68102e-19,Hexagon
0.160375,1.2475e-07,4.71437e-11,1.64752e-11,-4.35837e-22,1.43876e-15,1.44462e-22,Hexagon
0.160398,1.06894e-06,2.50709e-08,1.02889e-09,5.00816e-18,-8.6332e-13,1.49175e-18,Hexagon
0.160294,5.47644e-07,2.19035e-08,8.13281e-11,-1.0613e-19,-5.77076e-14,2.27774e-20,Hexagon
0.160375,4.87539e-08,3.14019e-10,5.04228e-12,1.4417e-23,9.76049e-16,2.00122e-22,Hexagon
0.160371,1.72588e-07,1.48337e-10,3.13562e-12,1.18055e-23,1.05178e-15,6.65871e-23,Hexagon
0.160389,4.12376e-07,1.2909e-09,2.84013e-10,4.80439e-20,-1.76517e-13,-1.65123e-19,Hexagon
0.160393,1.88798e-07,7.3868e-09,2.02498e-12,5.8958e-24,-8.76568e-16,-2.47593e-22,Hexagon
0.160365,2.16425e-07,1.93431e-09,3.07518e-11,1.72939e-21,-1.30115e-14,-7.29802e-21,Hexagon
0.160344,2.37663e-07,1.08726e-08,2.3908e-11,9.21842e-21,3.15354e-15,7.97505e-21,Hexagon
0.160388,2.33644e-07,1.67293e-08,1.16511e-10,1.27288e-19,-5.38549e-15,1.01277e-19,Hexagon
0.160396,1.15616e-07,5.73926e-08,7.52279e-10,-2.56276e-18,2.53426e-13,4.22684e-18,Hexagon
0.160437,1.16367e-07,7.18577e-08,5.99619e-11,1.02404e-19,2.00069e-14,-7.0747e-20,Hexagon
0.160371,3.49876e-07,6.57959e-10,7.20188e-10,-4.05424e-19,2.9973e-13,2.85317e-19,Hexagon
0.160469,1.50877e-06,2.42603e-08,7.16755e-10,1.10783e-18,2.90632e-13,2.77595e-18,Hexagon
0.160365,2.39665e-07,1.28791e-10,8.49698e-12,1.02119e-22,-4.15165e-15,2.61879e-22,Hexagon
0.160365,2.55973e-07,7.63459e-09,5.2777e-11,2.72869e-20,-9.87919e-15,-1.9436e-20,Hexagon
0.160514,4.28047e-06,1.63315e-08,8.81015e-11,-5.54844e-20,1.00049e-13,-8.99415e-20,Hexagon
0.160368,7.23962e-07,2.30717e-08,5.08075e-10,-8.57422e-19,-3.39314e-13,1.51354e-18,Hexagon
0.160323,1.59093e-06,2.40511e-08,3.29372e-10,8.30586e-19,3.6989e-13,4.11741e-19,Hexagon
0.160408,1.66983e-07,8.43981e-10,9.35795e-11,2.50303e-20,-1.85505e-15,-8.06926e-21,Hexagon
0.160363,3.693e-07,4.42802e-09,6.22006e-11,3.15628e-20,5.47699e-15,8.32995e-21,Hexagon
0.160337,1.65765e-07,1.54173e-08,3.77238e-11,-1.41458e-20,-1.37799e-14,2.50511e-20,Hexagon
0.160369,1.01924e-06,2.55532e-07,3.37322e-09,6.57951e-17,-2.23782e-12,7.40198e-17,Hexagon
0.160387,1.22349e-07,9.2953e-09,7.35091e-11,5.81605e-20,2.52249e-14,1.75944e-20,Hexagon
0.160357,1.25098e-07,1.66951e-09,1.75723e-12,9.30271e-23,-5.05825e-16,2.01214e-23,Hexagon
0.160432,3.01074e-07,1.91881e-08,1.05632e-10,1.26429e-19,-5.13175e-14,-8.1437e-20,Hexagon
0.160412,2.23591e-07,4.32367e-09,4.89245e-11,-1.16104e-20,-9.06483e-15,1.9275e-20,Hexagon
0.160373,6.37311e-07,1.20629e-09,1.87306e-13,-2.75471e-24,-9.53359e-17,5.818e-25,Hexagon
0.160372,1.64779e-07,3.65506e-11,9.07049e-12,-8.54185e-23,-1.94826e-15,-1.41351e-22,Hexagon
0.160363,2.7285e-07,3.60361e-09,9.91845e-10,-1.75845e-18,-3.99288e-13,-6.51155e-19,Hexagon
0.160358,6.58443e-07,3.52692e-08,4.83784e-11,-6.31518e-20,-1.63712e-14,2.30425e-21,Hexagon
0.160378,1.70022e-07,9.13338e-09,8.6023e-12,-2.04275e-22,-2.21718e-15,-2.40255e-21,Hexagon
0.160351,4.17901e-07,2.0447e-08,8.54246e-11,8.9206e-20,4.71962e-14,-6.91986e-20,Hexagon
0.160335,4.14102e-07,4.1968e-10,2.01995e-11,-3.13443e-22,-6.92106e-15,-1.83321e-21,Hexagon
0.160434,2.60003e-06,1.24558e-07,2.18935e-09,-3.51683e-18,-3.48445e-12,3.59828e-17,Hexagon
0.160398,4.8917e-07,2.46857e-07,6.49257e-09,-2.53287e-16,3.24309e-12,-5.83646e-17,Hexagon
0.160356,1.35905e-06,1.36847e-07,6.2732e-10,4.55439e-18,-6.43953e-13,3.61123e-18,Hexagon
0.160304,5.68482e-07,5.56985e-08,4.15576e-10,1.83563e-18,-2.82196e-13,7.92484e-19,Hexagon
0.161863,4.09885e-09,1.1788e-09,1.19286e-11,8.98651e-22,-6.58096e-16,-1.09236e-21,Pentagon
0.161891,8.86175e-08,5.54605e-09,5.49526e-10,5.35053e-19,1.47544e-13,-7.96279e-19,Pentagon
0.161824,4.40816e-08,3.25335e-08,2.2757e-10,-4.10119e-19,-4.12873e-14,4.63925e-19,Pentagon
0.161842,2.32547e-08,2.85594e-09,5.7053e-10,-4.46316e-19,-3.16096e-14,-5.75481e-19,Pentagon
0.161848,1.86319e-08,1.73818e-09,2.7586e-11,-5.98392e-21,3.14512e-15,8.25624e-22,Pentagon
0.16187,1.65689e-08,6.7748e-09,1.03015e-10,-8.05281e-20,-1.25301e-14,-3.03566e-20,Pentagon
0.161851,9.6357e-09,2.02781e-10,1.28316e-10,-9.34218e-21,4.6789e-15,1.847e-20,Pentagon
0.161812,2.10156e-08,5.87344e-09,1.19407e-10,3.79827e-20,-4.50918e-15,-9.2504e-20,Pentagon
0.16201,9.46944e-07,9.43001e-08,9.17923e-09,1.01063e-16,-6.32714e-12,2.5044e-16,Pentagon
0.161771,3.5544e-08,6.07131e-08,2.1317e-09,-2.35356e-17,-1.24669e-13,-5.84709e-18,Pentagon
0.161821,1.0171e-07,3.17017e-08,7.35161e-10,3.30795e-18,-2.30613e-13,-1.28583e-18,Pentagon
0.161883,6.10216e-07,3.67122e-07,8.25347e-10,6.36324e-19,-1.40215e-13,1.43527e-17,Pentagon
0.161829,1.56664e-07,2.18355e-08,1.11682e-10,1.63907e-19,-4.25915e-14,-5.9591e-20,Pentagon
0.161871,1.01294e-08,6.6725e-08,5.20633e-09,8.15823e-17,-1.15846e-13,5.25426e-17,Pentagon
0.161864,5.66582e-08,1.07067e-07,2.45239e-10,-1.18909e-18,-4.71242e-14,-4.0647e-19,Pentagon
0.161841,1.46395e-08,4.66448e-09,2.89568e-10,3.20521e-19,3.5034e-14,-1.02568e-19,Pentagon
0.162059,2.59391e-07,2.35235e-07,2.13514e-08,-9.24313e-17,-3.61613e-12,-1.51035e-15,Pentagon
0.16184,1.0486e-07,1.71374e-08,1.33515e-09,-5.66111e-18,-3.22217e-13,-2.95631e-18,Pentagon
0.161954,5.20488e-06,2.49695e-06,2.82425e-08,7.47961e-15,-3.03359e-11,5.52469e-16,Pentagon
0.161377,3.82842e-06,3.7778e-07,1.49937e-08,-1.10412e-15,2.25478e-11,-2.33079e-16,Pentagon
0.161974,3.98104e-08,2.26985e-07,1.47637e-09,8.93211e-18,-2.87342e-13,2.55078e-17,Pentagon
0.16188,3.45838e-07,6.98577e-08,8.77185e-10,-5.81856e-18,-2.85482e-13,-3.64624e-18,Pentagon
0.16165,3.94192e-06,7.53936e-07,1.61444e-08,1.64851e-15,-2.40625e-11,6.74456e-16,Pentagon
0.161882,6.35176e-09,6.403e-09,5.71176e-10,6.97819e-19,-4.48426e-14,8.40351e-19,Pentagon
0.161881,7.02825e-08,3.6586e-09,2.48866e-10,2.00481e-19,6.44083e-14,1.27274e-19,Pentagon
0.161921,7.04538e-07,6.34914e-07,1.06742e-08,7.15442e-16,8.87561e-12,5.10232e-16,Pentagon
0.161673,3.31766e-08,8.77565e-08,4.87704e-09,-2.10592e-17,-6.0135e-13,9.86739e-17,Pentagon
0.161735,1.30032e-07,2.41038e-08,1.56354e-09,-7.16097e-18,4.37463e-13,6.39164e-18,Pentagon
0.161887,6.69692e-09,3.63031e-09,3.36026e-10,3.51732e-19,2.5346e-14,-1.18429e-19,Pentagon
0.161868,4.48019e-08,2.97424e-10,4.35037e-11,2.46612e-22,1.47237e-15,4.94239e-21,Pentagon
0.161855,2.24018e-08,6.56045e-09,8.54892e-12,4.80589e-22,1.27823e-15,1.96671e-21,Pentagon
0.161866,9.03051e-08,7.58143e-08,2.31619e-10,3.80376e-19,6.93884e-14,8.92954e-19,Pentagon
0.161748,8.13676e-08,4.83002e-08,4.38492e-10,3.62091e-19,-1.24765e-13,-1.98523e-18,Pentagon
0.161823,5.26665e-09,2.41534e-09,1.39462e-11,-6.25936e-22,1.01106e-15,-2.4819e-21,Pentagon
0.161875,2.65779e-08,1.39536e-09,2.18018e-11,2.19572e-21,-3.52675e-15,3.10462e-21,Pentagon
0.162029,2.44303e-06,1.14856e-07,3.45808e-09,-2.77802e-17,-4.17585e-12,6.30703e-17,Pentagon
0.161713,2.34073e-07,4.40669e-07,1.23083e-08,-8.37746e-16,1.50893e-12,3.46208e-16,Pentagon
0.161852,2.16066e-09,1.99745e-09,1.61747e-10,-7.92935e-20,7.09459e-16,-4.65305e-20,Pentagon
0.161855,3.50424e-06,7.4735e-07,3.14843e-09,9.72874e-17,-4.58512e-12,1.17726e-16,Pentagon
0.161676,4.92424e-06,1.23331e-06,6.90293e-10,-1.96663e-17,2.96337e-14,-4.34785e-18,Pentagon
0.161877,1.72163e-07,1.74629e-08,2.73304e-12,4.57461e-22,-2.01433e-16,3.83702e-22,Pentagon
0.161817,6.71508e-08,1.05253e-07,4.33429e-10,-1.47871e-18,1.1112e-13,2.52657e-18,Pentagon
0.161783,3.96602e-08,7.77488e-08,1.42808e-09,-1.22692e-17,-1.95835e-13,8.71243e-18,Pentagon
0.161744,2.83341e-07,4.39295e-09,8.481e-10,-4.72218e-20,-4.5748e-14,1.63632e-18,Pentagon
0.161895,1.15094e-07,1.41734e-08,1.29604e-09,-5.47127e-18,-4.13489e-13,-9.59587e-19,Pentagon
0.161947,2.25885e-07,3.31589e-08,7.81072e-11,-1.02626e-19,2.7616e-14,7.25849e-20,Pentagon
0.161705,2.16726e-07,1.48726e-08,4.98896e-09,-4.29742e-17,9.37023e-13,-4.59341e-20,Pentagon
0.161853,8.82098e-08,2.43863e-07,4.20979e-09,1.3157e-16,-1.22193e-12,2.97183e-17,Pentagon
0.161852,2.5799e-08,3.45285e-09,6.14815e-12,-2.79462e-22,-5.08985e-16,-8.5108e-22,Pentagon
0.16181,4.46396e-08,6.58927e-09,1.00748e-11,1.14497e-21,-2.10868e-15,2.32964e-21,Pentagon
0.162174,3.14018e-06,1.3961e-06,3.74048e-09,1.27708e-16,-3.97365e-12,2.3823e-16,Pentagon
0.16182,2.29929e-09,1.64682e-08,9.21617e-11,3.66763e-20,-4.31969e-15,-1.07453e-19,Pentagon
0.161839,2.80891e-09,4.62491e-09,5.85065e-11,8.58106e-21,2.00886e-15,2.91991e-20,Pentagon
0.161848,1.79435e-07,1.08236e-07,1.59244e-10,-1.08958e-19,3.73357e-14,-6.5208e-19,Pentagon
0.161829,1.3558e-08,1.34771e-08,1.83291e-09,-5.0731e-18,-2.02946e-13,7.56658e-18,Pentagon
0.161799,2.48872e-07,4.28925e-08,3.86037e-10,-1.54539e-18,1.8623e-13,-2.81644e-19,Pentagon
0.161863,6.7347e-08,7.48905e-08,1.07028e-09,-9.16617e-18,2.83274e-14,-2.79254e-18,Pentagon
0.161816,3.10325e-08,2.29105e-08,5.18935e-11,8.66431e-21,-3.97522e-15,5.59158e-20,Pentagon
0.161871,1.20601e-08,3.64481e-09,6.31135e-11,1.70748e-20,-6.66388e-15,-2.49952e-20,Pentagon
0.161854,1.39875e-08,1.1054e-08,8.66474e-11,7.40706e-20,9.9405e-15,-4.12854e-20,Pentagon
0.161755,1.53343e-06,1.99622e-06,1.07727e-08,1.10807e-16,-4.29019e-13,-1.57588e-15,Pentagon
0.161866,4.75124e-09,3.18302e-09,5.40784e-12,5.53128e-22,-2.62586e-16,-4.44351e-22,Pentagon
0.161856,5.62869e-08,2.14948e-08,4.76279e-10,-1.0728e-18,5.40215e-15,-1.08231e-18,Pentagon
0.161842,5.33774e-10,1.35177e-09,9.01983e-11,2.65118e-20,2.65686e-16,1.70027e-20,Pentagon
0.161836,3.97691e-08,1.10672e-08,1.55743e-10,2.0307e-19,-2.99044e-14,2.39014e-20,Pentagon
0.161528,1.56275e-07,2.05535e-08,7.69326e-09,9.61291e-17,-2.8993e-12,1.08596e-17,Pentagon
0.161982,2.06255e-08,1.8255e-08,3.02523e-09,1.14163e-17,1.1527e-13,1.93673e-17,Pentagon
0.161798,1.69883e-07,3.89546e-08,5.24249e-11,7.2093e-20,-1.93014e-14,2.03791e-20,Pentagon
0.161858,1.88779e-08,9.28644e-10,9.46119e-11,-1.00306e-20,-8.78464e-15,2.6189e-20,Pentagon
0.16174,1.51914e-08,7.75322e-08,1.41644e-09,1.12045e-17,-1.10155e-13,9.73608e-18,Pentagon
0.161867,2.61715e-08,3.24186e-09,7.92791e-11,-2.24771e-20,1.27699e-14,-3.33189e-20,Pentagon
0.161831,2.50524e-09,5.66708e-10,1.2982e-10,1.68343e-20,-1.84054e-15,3.09273e-20,Pentagon
0.16186,2.56097e-08,5.18776e-10,2.88407e-10,-3.26974e-20,-2.46633e-14,-1.06658e-19,Pentagon
0.161852,6.30507e-09,5.09442e-09,7.69182e-12,-4.36021e-22,5.46498e-16,1.45885e-21,Pentagon
0.161817,5.0082e-08,9.24347e-09,3.44277e-09,-1.52759e-18,7.57049e-13,-1.93612e-17,Pentagon
0.161854,1.23158e-08,2.97581e-08,1.65464e-11,8.51112e-21,1.47786e-15,-7.89739e-21,Pentagon
0.161891,9.04119e-07,8.68222e-08,1.62444e-10,2.85772e-19,-2.14397e-14,5.38988e-19,Pentagon
0.161847,8.56126e-09,1.94132e-09,7.12241e-12,-8.32344e-22,3.59962e-16,-9.2847e-23,Pentagon
0.161884,1.72706e-07,1.87233e-08,7.57837e-11,-3.90198e-20,-2.94576e-14,-8.14036e-20,Pentagon
0.16193,7.23597e-08,8.21265e-10,1.54715e-09,-1.03762e-18,2.20889e-13,1.40171e-18,Pentagon
0.161869,3.55655e-08,1.31645e-10,9.06463e-12,-3.0981e-22,-1.69222e-15,4.54832e-23,Pentagon
0.161852,4.20401e-07,1.13491e-08,8.75189e-09,2.55587e-17,-5.00673e-12,-8.33949e-17,Pentagon
0.161841,5.08109e-09,1.24644e-09,1.79987e-11,2.80688e-22,-9.25834e-16,2.6812e-21,Pentagon
0.161867,5.60307e-09,3.37065e-09,8.59945e-11,3.0148e-20,-6.4274e-15,-3.51371e-20,Pentagon
0.161795,1.14523e-07,8.86809e-09,4.91988e-10,7.35165e-19,-8.18862e-14,-7.18055e-19,Pentagon
0.16169,5.68949e-06,7.67598e-07,1.29359e-08,-1.11057e-15,-1.98804e-11,-6.54385e-16,Pentagon
0.161873,1.09777e-07,4.89418e-08,1.60973e-10,-3.664e-19,-2.41945e-14,-2.64377e-19,Pentagon
0.16188,8.08741e-08,3.69677e-09,6.55546e-10,8.70498e-19,-1.55544e-13,-5.32604e-19,Pentagon
0.161933,8.03585e-07,1.98756e-07,2.3262e-09,4.0261e-17,4.81149e-13,-2.96797e-17,Pentagon
0.161833,3.07126e-08,5.85673e-09,5.40626e-12,-6.37134e-22,-6.41225e-16,7.20758e-22,Pentagon
0.161895,3.63995e-08,4.24543e-09,2.84664e-10,-2.08784e-21,-4.09975e-14,3.12931e-19,Pentagon
0.161843,2.04323e-07,2.36761e-08,3.77286e-10,-8.27729e-19,-7.47945e-14,-7.65753e-19,Pentagon
0.161747,1.83566e-08,7.03508e-09,1.00978e-10,3.11416e-20,1.36792e-14,7.92066e-20,Pentagon
0.161834,2.78875e-08,4.52494e-10,1.65283e-10,-7.99488e-21,-2.69432e-14,4.44885e-20,Pentagon
0.161796,5.85859e-08,1.38789e-08,1.19791e-09,4.88373e-18,-1.5168e-14,-8.15171e-20,Pentagon
0.161832,5.50252e-09,3.06189e-09,2.99776e-11,-9.07993e-21,-1.54258e-15,2.02241e-22,Pentagon
0,0,0,0,0,0,0,Pentagon
0.161885,2.24831e-09,2.17065e-08,3.70158e-10,-7.62652e-19,-1.75228e-14,7.20604e-19,Pentagon
0.161822,2.81921e-08,1.69005e-09,9.46139e-11,3.31757e-20,1.17506e-14,-1.81875e-20,Pentagon
0.161816,8.42659e-09,4.46161e-09,1.32754e-10,9.33336e-20,-1.19155e-14,4.15603e-20,Pentagon
0.161945,1.27533e-07,1.95518e-07,3.98989e-09,1.1083e-16,1.18758e-12,1.16301e-17,Pentagon
0.161861,9.41754e-09,2.11757e-09,4.54791e-12,4.18301e-23,-1.46387e-16,-4.44345e-22,Pentagon
0.16188,1.59516e-08,1.88025e-09,2.51809e-11,-2.96444e-21,-2.89292e-15,4.60796e-21,Pentagon
0.161679,9.42275e-06,3.46023e-06,3.27361e-08,-1.05441e-14,1.00122e-10,-3.19572e-15,Pentagon
0.161902,1.94407e-08,3.0976e-09,6.62955e-12,-3.95191e-22,7.58724e-16,8.63937e-22,Pentagon
0.1618,7.9957e-07,9.13299e-08,1.13055e-10,-2.71936e-19,-8.54602e-14,2.40878e-19,Pentagon
0.161533,1.61905e-05,4.92016e-06,4.8653e-10,8.15085e-18,-6.37217e-13,-2.23652e-17,Pentagon
0.161888,4.82808e-07,1.00994e-07,3.39037e-10,-1.69745e-18,-2.13285e-13,-1.0269e-18,Pentagon
0.161821,3.42883e-09,4.26905e-10,1.12392e-10,2.45569e-20,-4.41297e-15,-1.74589e-21,Pentagon
0.161618,9.39693e-06,9.61815e-07,1.07222e-08,3.6418e-16,-1.47556e-11,-1.02614e-15,Pentagon
0.161855,1.53283e-06,2.85376e-07,1.15499e-09,3.72472e-18,-9.59197e-13,-2.06355e-17,Pentagon
0.159177,9.18539e-08,1.92363e-08,2.17046e-11,1.29212e-20,4.58302e-15,5.4525e-21,Circle
0.159163,1.29445e-07,1.37205e-08,3.84914e-14,-7.42333e-25,-2.42353e-18,-4.81045e-25,Circle
0.159166,0,0,0,0,0,0,Circle
0.159178,6.52212e-08,4.94487e-07,2.17931e-11,-3.38903e-20,-3.80038e-15,-6.30046e-20,Circle
0.159161,3.96748e-09,7.62004e-09,5.43303e-14,1.2326e-25,3.13377e-18,1.09857e-24,Circle
0.159194,1.17822e-07,1.49226e-07,3.94152e-12,3.02285e-21,-1.35293e-15,3.4244e-30,Circle
0.159165,8.7416e-09,4.46259e-09,5.57773e-14,5.48407e-25,4.78662e-18,-6.88215e-25,Circle
0.159173,4.91972e-08,2.14577e-08,1.72889e-11,1.29949e-21,1.44613e-15,1.04499e-20,Circle
0.159177,2.53239e-07,7.23431e-09,3.23795e-12,-7.55594e-24,1.46586e-15,4.95511e-22,Circle
0.15917,6.28222e-08,1.74842e-07,1.31457e-12,-5.90769e-22,8.93312e-18,2.19496e-22,Circle
0.159163,1.02325e-10,7.0073e-09,8.54268e-14,-2.0901e-24,8.64143e-19,-2.35083e-33,Circle
0.15916,3.7753e-09,7.00905e-09,2.34568e-13,-9.51114e-24,-1.44127e-17,0,Circle
0.159173,7.09709e-08,2.55681e-08,3.15274e-12,-4.00522e-22,-6.30071e-17,-8.00511e-22,Circle
0.159161,7.0439e-09,1.87444e-08,1.88037e-14,-8.59636e-27,8.66096e-19,3.52917e-25,Circle
0.159164,9.04653e-08,9.97201e-09,3.79143e-12,-7.28433e-22,1.14024e-15,-1.13477e-22,Circle
0.159165,1.82889e-09,5.74331e-08,6.12456e-13,-9.09733e-23,-7.67299e-18,7.01297e-23,Circle
0.159161,4.67056e-08,1.59466e-08,3.43913e-13,-1.90637e-24,-2.84454e-17,-2.53973e-23,Circle
0.159164,1.09438e-07,1.43879e-08,1.3183e-13,-5.57914e-24,-4.35972e-17,-1.35545e-24,Circle
0.159163,1.60065e-08,5.10759e-09,3.14353e-13,7.73184e-26,-3.7713e-17,-1.25958e-23,Circle
0.159165,1.9547e-07,3.6372e-08,3.55386e-12,-8.78426e-22,1.20244e-16,-9.27857e-22,Circle
0.159165,4.5413e-09,2.39374e-08,1.68977e-12,2.06788e-22,4.7696e-17,2.69691e-22,Circle
0.159173,1.34626e-07,6.51766e-08,7.62764e-13,-1.63645e-22,-2.5329e-16,-4.63107e-23,Circle
0.15916,4.5932e-08,1.22233e-08,2.49791e-13,9.89118e-24,1.33795e-17,-9.62674e-24,Circle
0.159187,2.88987e-07,2.29352e-07,5.29987e-11,-1.84778e-19,-2.84908e-14,1.25209e-29,Circle
0.159197,2.3149e-06,3.39445e-07,6.30592e-11,3.43694e-20,-5.66e-14,-2.89716e-19,Circle
0.159161,5.82701e-08,8.59346e-10,3.15814e-14,-1.04836e-25,-7.60438e-18,1.26798e-25,Circle
0.159161,8.31175e-09,2.45688e-09,3.61795e-13,9.70532e-24,-1.52609e-17,-4.70724e-24,Circle
0.159172,4.47062e-07,2.10196e-09,5.84066e-13,9.73004e-24,-1.39314e-16,1.80036e-23,Circle
0.159166,5.11639e-08,2.16165e-09,2.05737e-12,1.17017e-22,4.46438e-16,7.16336e-23,Circle
0.159162,7.2333e-08,9.95271e-11,1.27637e-14,1.43859e-26,-3.43277e-18,3.84673e-35,Circle
0.159167,4.22283e-07,1.52565e-08,4.32148e-12,-9.74307e-22,2.52975e-15,-5.31033e-22,Circle
0.159165,4.79116e-08,1.56852e-08,1.19787e-12,1.42338e-22,1.16039e-16,8.18542e-23,Circle
0.159162,1.06362e-08,8.67071e-10,8.49754e-14,-1.31876e-25,7.38579e-18,7.17382e-25,Circle
0.159161,2.45638e-08,5.10564e-09,1.67544e-14,1.29235e-25,2.91517e-19,8.55034e-26,Circle
0.159164,3.56364e-09,3.80379e-08,6.39517e-13,9.28711e-23,6.70902e-18,3.63843e-23,Circle
0.159169,2.76212e-08,6.97168e-08,1.71863e-12,-3.96668e-22,1.05014e-16,-4.43349e-22,Circle
0.159171,4.216e-08,1.16046e-07,2.71303e-11,-4.51155e-20,-2.66526e-15,-1.67916e-20,Circle
0.159179,5.09054e-08,3.64203e-08,2.92827e-11,-2.00317e-20,-5.92653e-15,-2.26543e-20,Circle
0.159164,3.19064e-09,2.92868e-08,3.37635e-13,1.6319e-23,2.25881e-18,2.93416e-23,Circle
0.159173,8.22038e-08,1.58453e-08,5.25142e-12,1.31628e-21,1.21557e-15,7.49765e-22,Circle
0.159167,2.40869e-07,6.70245e-08,8.00673e-12,-5.15015e-21,-3.37837e-15,2.80699e-21,Circle
0.159163,2.09922e-08,7.70435e-08,2.06873e-13,-2.29717e-23,-2.42939e-17,1.24259e-23,Circle
0.159167,5.36275e-08,3.90456e-08,6.80388e-13,-8.26249e-23,3.10053e-17,-7.39684e-23,Circle
0.159161,7.81048e-09,2.91314e-09,1.11974e-14,-6.39523e-26,9.89592e-19,7.69885e-35,Circle
0.159161,1.00208e-08,1.59945e-08,2.8729e-13,-9.79985e-24,-2.62485e-17,1.68291e-23,Circle
0.159187,5.26147e-08,6.29303e-10,1.21231e-12,-3.28947e-23,2.73045e-16,6.25903e-24,Circle
0.159161,1.98521e-08,1.13493e-08,7.95779e-14,-1.90166e-24,-1.00849e-17,1.45019e-24,Circle
0.159178,2.72757e-07,3.3158e-08,2.01858e-12,-5.22015e-22,5.12912e-16,-1.50293e-23,Circle
0.159173,2.68625e-07,9.44844e-08,1.93019e-11,9.39592e-21,6.38249e-15,2.4314e-20,Circle
0.15919,5.50828e-07,8.0553e-07,2.96948e-12,9.8706e-22,-8.09656e-16,-4.48532e-21,Circle
0.159168,3.7271e-08,3.08243e-08,1.41307e-13,-1.54122e-24,2.35874e-17,9.19765e-24,Circle
0.15916,1.28719e-08,1.13369e-08,1.96731e-14,2.19249e-25,-2.10063e-18,-1.95576e-25,Circle
0.159177,2.59628e-09,3.16597e-09,8.26709e-12,1.33746e-21,-4.21239e-16,1.85913e-30,Circle
0.15918,5.47679e-09,8.54704e-08,6.81301e-13,-7.44407e-23,-1.37686e-17,-1.46587e-22,Circle
0.159163,7.62274e-08,2.69288e-08,7.80902e-13,-4.24588e-23,-1.95225e-16,-1.0498e-22,Circle
0.159165,9.22938e-08,2.73173e-08,2.1617e-13,-7.23103e-24,4.24701e-17,-1.49551e-23,Circle
0.159165,3.00958e-08,3.62158e-09,1.19876e-12,-4.29547e-23,7.95101e-17,-6.62841e-23,Circle
0.159164,2.27593e-08,1.8949e-08,4.3444e-13,1.78925e-23,-2.88896e-18,-3.51224e-23,Circle
0.159163,8.35377e-08,1.74218e-08,1.33604e-14,-2.03187e-25,3.76831e-18,1.62375e-26,Circle
0.159249,3.31693e-06,3.01263e-07,1.5336e-09,3.28064e-17,-1.89546e-14,3.22252e-18,Circle
0.15916,8.61681e-07,1.51084e-07,5.76806e-11,1.37683e-19,4.89978e-14,-1.00187e-19,Circle
0.159166,3.9592e-08,3.40476e-09,9.9329e-13,5.06939e-23,8.40405e-17,2.76912e-23,Circle
0.159173,3.53989e-08,8.31399e-09,2.84649e-12,-4.13545e-22,-5.2895e-16,1.43989e-22,Circle
0.159152,8.12941e-07,2.1087e-07,2.25736e-11,5.21846e-21,1.79038e-14,-4.8973e-20,Circle
0.159198,1.11877e-06,1.41424e-06,1.68951e-10,-2.61115e-18,-1.16082e-13,4.71517e-20,Circle
0.159166,8.67709e-08,4.33146e-08,1.64122e-13,-1.32395e-23,-4.71174e-17,-4.02515e-24,Circle
0.15916,6.80083e-09,1.36604e-09,5.56733e-14,-4.12067e-25,4.01667e-18,-2.56758e-25,Circle
0.15916,5.43687e-08,2.19201e-09,9.06383e-14,9.27779e-25,-1.89668e-17,-8.78319e-25,Circle
0.159159,2.89644e-09,2.25611e-09,3.09707e-14,2.00462e-25,7.91646e-19,-1.63817e-25,Circle
0.15916,3.71713e-08,1.348e-08,2.50484e-13,6.08349e-24,1.43737e-18,-1.32228e-23,Circle
0.159162,7.67351e-08,4.65572e-09,3.90911e-13,3.78717e-24,-5.92324e-17,1.6241e-23,Circle
0.159164,6.73802e-08,8.96186e-10,1.65914e-12,-1.88477e-23,-2.93339e-16,-6.11376e-23,Circle
0.159167,1.89008e-08,1.34491e-08,8.59166e-13,8.11632e-23,1.17966e-16,4.40684e-23,Circle
0.159169,7.11191e-08,7.85799e-09,1.0773e-12,-4.2584e-23,-1.38864e-16,-8.95065e-23,Circle
0.159191,5.67799e-07,3.64041e-07,2.58123e-11,-7.44381e-20,2.23123e-15,2.68281e-20,Circle
0.15918,1.21038e-07,9.4542e-08,2.2905e-12,-1.04206e-21,-6.38879e-16,-2.2407e-22,Circle
0.159171,1.37408e-07,2.54e-08,5.32763e-12,-1.95224e-21,-1.01623e-15,-1.72312e-22,Circle
0.15916,7.94469e-09,5.9079e-09,4.36135e-14,9.84477e-26,2.97625e-18,6.93125e-25,Circle
0.159165,4.90475e-09,1.63316e-09,3.63479e-13,1.66038e-24,1.28552e-17,8.69885e-24,Circle
0.159185,1.8035e-06,3.70668e-07,1.66252e-11,4.12228e-20,-1.94936e-14,1.98955e-21,Circle
0.159161,1.36268e-07,2.06196e-09,1.37175e-12,-7.29547e-23,5.06375e-16,-6.17932e-33,Circle
0.15916,8.57932e-11,9.68066e-11,1.19896e-14,2.66153e-27,4.92511e-20,1.26397e-26,Circle
0.159168,3.72019e-09,5.80724e-09,1.32817e-12,-5.46384e-23,2.78315e-17,-1.03057e-22,Circle
0.15916,9.64493e-11,1.78692e-10,7.85814e-15,9.31177e-27,7.71737e-20,0,Circle
0.159171,4.88683e-08,4.65324e-07,3.16647e-11,5.85962e-20,-9.99317e-16,-1.06489e-19,Circle
0.159161,2.10005e-08,5.85482e-10,1.6099e-13,1.52953e-24,-5.69345e-18,3.21634e-25,Circle
0.159164,1.68568e-07,9.81888e-10,6.34403e-14,-4.56801e-25,-1.43933e-17,2.05024e-25,Circle
0.159162,7.39478e-09,2.00735e-09,2.36348e-13,-8.39212e-25,1.43955e-17,5.07914e-24,Circle
0.159161,3.01475e-08,8.70112e-09,4.90867e-14,-6.8326e-25,-7.83458e-18,-7.4985e-25,Circle
0.159183,4.04142e-07,7.17462e-08,1.99874e-10,4.1309e-19,-1.19186e-13,6.34226e-19,Circle
0.159164,2.0941e-08,1.53163e-08,4.03053e-14,3.8058e-25,4.07043e-18,-9.26292e-25,Circle
0.15917,4.01624e-09,1.64692e-08,1.58318e-12,-2.48666e-22,-8.21864e-17,-5.93079e-23,Circle
0.159159,5.30272e-10,1.96011e-11,2.34509e-16,6.441e-30,-2.28594e-21,-1.45362e-29,Circle
0.159163,8.01711e-10,4.30638e-09,1.36001e-13,-1.51834e-24,-3.84407e-18,2.92016e-24,Circle
0.159173,5.89826e-07,9.70258e-09,2.30812e-12,-2.49206e-23,-8.38624e-16,-3.44506e-22,Circle
0.15917,3.52491e-07,1.50779e-07,1.33958e-12,-3.24167e-22,-5.11733e-16,-5.07314e-22,Circle
0.159233,1.20104e-06,1.12332e-06,1.47596e-10,-1.86941e-18,-1.21243e-13,3.42277e-19,Circle
0.159163,6.15434e-08,7.56788e-10,2.47448e-13,-3.18882e-24,-5.73816e-17,1.13923e-24,Circle
0.159215,2.81641e-06,1.74649e-06,4.21845e-10,-8.74814e-18,4.54228e-13,-7.38758e-18,Circle
0.159193,3.94019e-07,2.39018e-07,1.66646e-11,2.19364e-20,3.2042e-15,2.49992e-20,Circle
0.159176,7.64297e-08,4.91196e-08,2.1309e-12,2.59554e-22,3.01006e-16,6.38673e-22,Circle
0.159172,1.07502e-07,1.05102e-08,5.25673e-13,3.90636e-23,-1.70451e-16,8.61562e-25,Circle
0.159167,1.90557e-08,1.43876e-08,1.11766e-12,-1.41629e-22,-5.06152e-17,-5.31101e-24,Circle
0.15916,8.28036e-09,3.03231e-09,8.58086e-14,-1.25854e-24,-3.26411e-18,-5.76147e-25,Circle
0.159168,2.42914e-07,2.34927e-07,5.92356e-11,-1.38429e-19,7.99364e-15,-1.7224e-19,Circle
0.159165,2.73065e-08,6.60197e-09,1.18671e-12,-5.35546e-23,-1.74907e-16,9.03623e-23,Circle
0.159163,8.26566e-08,8.93684e-12,4.43505e-13,8.82957e-25,-1.27508e-16,1.75038e-33,Circle
0.159175,1.06123e-08,1.28601e-07,1.29281e-12,-1.10842e-22,3.17178e-17,-5.15354e-22,Circle
0.15916,3.21308e-10,3.36499e-10,4.471e-14,1.29331e-25,5.33587e-19,1.15533e-25,Circle
0.159179,2.20827e-07,2.74872e-08,4.64313e-12,-4.03764e-22,1.92291e-15,1.60886e-21,Circle
0.159168,7.02828e-08,6.50146e-09,5.75157e-12,4.94468e-23,2.40416e-16,1.11111e-21,Circle
0.192318,1.45103e-08,0.00453841,3.7016e-09,1.51278e-14,4.4466e-13,-1.15422e-15,Triangle
0.195731,2.33221e-05,0.00517519,2.91173e-06,-3.40516e-10,-1.18028e-08,-1.0865e-10,Triangle
0.190615,2.15284e-05,0.00423922,3.50272e-06,3.21749e-10,1.27644e-08,-2.8046e-10,Triangle
0.19245,4.09969e-09,0.00456173,1.11562e-09,-1.9887e-15,-6.98914e-14,1.54245e-15,Triangle
0.191085,2.38995e-05,0.00431319,5.81157e-07,-1.6905e-11,-1.86175e-09,-2.36816e-11,Triangle
0.192813,2.55885e-06,0.00462788,4.6876e-07,1.45052e-11,5.37259e-10,-1.63182e-11,Triangle
0.191974,1.71618e-07,0.00447746,4.41224e-08,-4.30085e-13,5.94586e-12,4.46796e-13,Triangle
0.192348,1.90144e-08,0.00454364,4.93097e-09,-2.25573e-14,-6.75484e-13,-5.99354e-15,Triangle
0.19176,4.53456e-08,0.00444035,2.82856e-08,-1.24228e-14,1.39871e-12,3.16755e-13,Triangle
0.192421,9.56996e-08,0.00455664,1.37001e-08,-5.86236e-14,-2.3595e-12,-9.0996e-14,Triangle
0.191909,2.16241e-07,0.00446589,5.88347e-09,-2.99262e-14,-2.6165e-12,3.73298e-15,Triangle
0.192381,8.65177e-09,0.00454946,9.44932e-10,7.62392e-16,5.26211e-14,1.80479e-15,Triangle
0.19289,1.43917e-07,0.00464027,2.74226e-10,-3.08054e-16,8.03332e-14,-2.8154e-17,Triangle
0.191789,3.30858e-08,0.00444489,1.99608e-09,-5.86734e-15,7.92972e-14,-9.61605e-16,Triangle
0.192402,2.49818e-07,0.00455316,2.43165e-08,2.544e-13,1.20838e-11,-2.73164e-14,Triangle
0.192222,4.53398e-07,0.00452497,1.67053e-08,2.95634e-14,-1.13662e-12,-1.422e-13,Triangle
0.192402,6.28559e-08,0.00455318,7.34042e-09,7.65158e-15,6.86677e-13,-4.17409e-14,Triangle
0.191908,2.51396e-07,0.00447128,5.3354e-08,7.78169e-13,2.18043e-11,2.71206e-13,Triangle
0.192742,2.12688e-08,0.00461393,6.43158e-10,-1.01121e-15,-7.62135e-14,-4.5272e-16,Triangle
0.192274,5.57706e-08,0.0045306,5.51798e-09,7.65644e-15,6.15392e-13,2.65061e-14,Triangle
0.192248,6.87426e-07,0.00452596,1.1518e-07,-1.37232e-12,-6.62805e-11,2.24331e-12,Triangle
0.191973,1.03989e-07,0.00448525,1.99367e-08,-3.90411e-14,-1.39014e-12,-1.8444e-13,Triangle
0.192068,7.9438e-08,0.00449408,2.52005e-08,2.6782e-13,6.17507e-12,-1.3988e-14,Triangle
0.192425,4.69708e-08,0.00455733,6.34059e-09,6.78778e-15,1.36096e-12,3.34012e-14,Triangle
0.192521,9.61031e-08,0.00457447,2.22921e-08,7.58475e-15,1.47095e-12,-2.24983e-13,Triangle
0.192465,4.15014e-08,0.00456447,2.78848e-09,-9.4972e-15,1.50649e-13,-2.96146e-15,Triangle
0.192735,2.762e-07,0.0046126,1.61458e-07,3.59142e-12,6.5446e-11,2.55269e-12,Triangle
0.192442,6.74957e-08,0.00456026,5.53056e-09,2.75348e-14,1.42082e-12,3.64278e-15,Triangle
0.192371,6.38773e-09,0.00454888,3.89289e-10,5.169e-16,2.78274e-14,-3.43074e-17,Triangle
0.192458,3.89892e-05,0.00455629,5.6507e-06,8.2654e-10,3.30707e-08,3.72717e-10,Triangle
0.192379,3.91032e-08,0.00454912,9.07347e-09,5.82856e-14,1.76336e-12,-9.87924e-16,Triangle
0.192353,1.88855e-08,0.00454453,3.71859e-09,-1.12329e-14,-4.2052e-13,1.03684e-14,Triangle
0.192023,8.45798e-09,0.00448631,3.131e-09,1.12077e-14,2.38418e-13,-3.47684e-15,Triangle
0.192301,1.53667e-07,0.00453525,8.00145e-08,-2.30543e-13,-8.93235e-12,-1.5067e-12,Triangle
0.192541,1.83169e-07,0.00457785,2.40561e-08,2.46111e-13,8.13358e-12,-5.62019e-14,Triangle
0.190733,5.38928e-07,0.00426274,8.54387e-08,-1.57366e-12,-6.27134e-11,-4.26848e-13,Triangle
0.193101,1.07018e-05,0.00468605,2.12226e-06,6.72683e-11,-5.26898e-09,-2.00667e-10,Triangle
0.192472,2.64598e-09,0.00456571,6.08771e-10,9.05931e-16,-2.52576e-14,-4.57568e-16,Triangle
0.192303,2.2967e-09,0.00453559,1.36212e-08,-1.04752e-14,5.2219e-14,1.06549e-13,Triangle
0.192317,4.39845e-07,0.00453827,1.17747e-07,1.98846e-12,-2.63349e-12,-1.85869e-12,Triangle
0.192441,2.62033e-07,0.00456007,3.31563e-08,3.8697e-13,1.6972e-11,-1.28331e-13,Triangle
0.191995,2.94908e-07,0.00448109,2.85207e-08,-2.76595e-13,-1.41205e-11,-1.65693e-13,Triangle
0.192163,2.35356e-07,0.00451076,3.66496e-08,-3.54157e-13,-8.1842e-12,-3.10847e-13,Triangle
0.191917,5.12133e-08,0.00446758,6.89022e-09,3.6262e-14,1.55637e-12,1.21025e-14,Triangle
0.192261,6.25569e-08,0.00452828,4.71044e-09,-2.02115e-15,1.14766e-12,-2.16609e-14,Triangle
0.192336,1.87935e-08,0.00454162,2.66503e-09,7.53306e-15,2.26359e-13,-5.40525e-15,Triangle
0.192316,6.50774e-08,0.00453793,1.63501e-09,-3.47173e-15,4.0407e-14,-2.78955e-15,Triangle
0.191947,2.4144e-07,0.00447289,2.77322e-08,-3.03201e-13,-1.26102e-11,5.88871e-14,Triangle
0.192398,2.86852e-09,0.00455356,3.48076e-10,-1.16938e-16,4.73493e-15,4.22323e-16,Triangle
0.192381,8.11648e-09,0.00454953,1.45836e-09,2.06108e-15,4.47813e-14,3.14056e-15,Triangle
0.192462,3.95253e-08,0.00456395,5.96592e-09,1.45668e-14,9.59595e-13,2.75122e-14,Triangle
0.192215,1.28108e-07,0.00451996,1.58611e-09,-3.89596e-15,-4.5596e-13,1.69033e-15,Triangle
0.192696,1.28647e-07,0.00460567,4.17146e-08,-5.56693e-13,-1.23159e-11,-1.56231e-13,Triangle
0.192449,5.37728e-08,0.00456176,2.83821e-08,-1.07969e-13,2.45928e-12,-3.04366e-13,Triangle
0.192498,1.74288e-08,0.00457036,1.25795e-08,-5.27971e-14,-1.43816e-12,7.94381e-14,Triangle
0.192184,3.84566e-06,0.0045204,4.88717e-08,7.22575e-13,9.56485e-11,-7.44327e-14,Triangle
0.192278,5.01411e-07,0.00453104,7.23528e-08,2.57477e-13,1.06904e-11,1.28448e-12,Triangle
0.190591,5.66403e-06,0.00423535,2.5961e-07,-2.0088e-12,-4.50518e-10,8.37081e-12,Triangle
0.189905,3.57041e-06,0.00413007,1.02144e-06,5.57531e-11,9.13029e-10,3.59588e-11,Triangle
0.192067,4.15833e-07,0.00449469,1.11366e-08,-2.04827e-14,-1.58399e-12,7.60829e-14,Triangle
0.192109,6.38003e-08,0.00450141,1.09906e-08,3.83164e-14,1.51611e-12,-6.71413e-14,Triangle
0.192431,6.29943e-06,0.0045584,2.48957e-07,-7.44949e-12,-4.85921e-10,-3.85263e-12,Triangle
0.192554,3.51168e-06,0.00457968,4.358e-07,1.68472e-11,3.72955e-10,-9.75815e-12,Triangle
0.192282,6.43101e-09,0.0045326,8.5701e-08,-8.63633e-13,-4.1435e-12,1.4516e-12,Triangle
0.191921,1.12365e-06,0.0044684,1.04429e-07,3.53836e-13,-7.19377e-12,2.2279e-12,Triangle
0.191608,1.04243e-07,0.00441312,7.50877e-08,3.09005e-13,2.18369e-11,-1.33148e-12,Triangle
0.192373,2.45645e-08,0.00454806,2.52037e-09,5.39607e-15,3.72172e-13,-6.61039e-15,Triangle
0.192091,2.60149e-09,0.00449827,8.47434e-10,-1.09976e-15,-4.25852e-14,-1.23615e-15,Triangle
0.192153,1.85941e-07,0.00450909,2.25539e-08,-4.94332e-14,-5.80526e-12,2.22008e-13,Triangle
0.192495,4.65951e-09,0.0045698,7.10012e-10,-9.02075e-16,2.53902e-14,-9.06601e-16,Triangle
0.192875,8.97517e-08,0.0046377,2.02729e-08,2.32546e-14,3.30337e-12,1.95193e-13,Triangle
0.191856,1.14793e-06,0.00445654,3.27207e-07,8.8845e-12,2.65511e-10,8.7857e-12,Triangle
0.192451,1.57477e-07,0.00456186,9.2423e-09,2.35844e-14,8.61003e-13,5.5184e-14,Triangle
0.192353,1.06832e-08,0.0045446,3.26289e-10,-3.86379e-16,-1.99315e-14,9.26404e-17,Triangle
0.192388,1.05168e-07,0.00455075,1.75967e-08,-1.1567e-13,-5.32664e-12,-1.06847e-13,Triangle
0.192216,3.31615e-08,0.00452035,1.09147e-08,-7.57538e-14,-1.8486e-12,-1.17936e-14,Triangle
0.192398,2.43708e-08,0.00455257,2.19371e-09,6.91219e-16,1.38054e-15,-6.89807e-15,Triangle
0.192319,9.37693e-08,0.00453847,2.39479e-08,2.25374e-13,5.461e-12,1.0742e-13,Triangle
0.193413,7.14352e-06,0.00473174,3.73215e-07,-1.01118e-11,4.86395e-11,-1.19888e-11,Triangle
0.192027,6.53492e-08,0.00448673,6.73854e-09,-3.23265e-14,-1.36343e-12,-1.81068e-14,Triangle
0.192267,2.75917e-08,0.00452933,4.81438e-09,1.36867e-15,2.02666e-13,2.24399e-14,Triangle
0.1908,3.13455e-07,0.0042722,1.32722e-07,-1.41228e-12,-7.54022e-12,-2.82727e-12,Triangle
0.19209,5.84677e-07,0.0044979,5.33782e-08,-7.51194e-13,-4.04556e-11,-3.46089e-13,Triangle
0.19225,1.60478e-07,0.00452614,3.38982e-08,-4.15275e-13,-7.23754e-12,-6.20384e-14,Triangle
0.192522,1.65444e-08,0.00457463,5.18102e-09,2.14378e-15,2.46243e-13,-2.51319e-14,Triangle
0.192452,1.81014e-09,0.00456216,3.05131e-10,-2.26439e-17,9.83644e-15,-3.59298e-16,Triangle
0.192256,1.37589e-08,0.00452737,5.40548e-10,6.32292e-16,-2.29274e-14,-5.61497e-16,Triangle
0.19197,1.26503e-06,0.00447635,8.71871e-08,1.64578e-12,8.32432e-11,5.08079e-13,Triangle
0.188265,3.17618e-05,0.0038513,3.46535e-06,-1.70524e-10,-1.08884e-08,-3.62203e-10,Triangle
0.192567,1.65535e-07,0.00458257,1.55449e-08,9.78148e-14,6.29884e-12,-8.74404e-14,Triangle
0.192345,1.15504e-07,0.00454309,8.95406e-09,5.09601e-14,2.86883e-12,2.57784e-14,Triangle
0.19252,2.31397e-06,0.00457391,3.14225e-07,-2.28277e-12,-2.35858e-10,-1.16918e-11,Triangle
0.191891,1.558e-07,0.00446285,2.17933e-08,-2.14307e-13,-8.3506e-12,-1.63184e-14,Triangle
0.192337,1.2913e-08,0.00454287,2.35006e-09,5.18743e-15,1.49257e-13,-5.66145e-15,Triangle
0.192564,4.33832e-07,0.00458199,8.78896e-08,3.2759e-13,1.41683e-11,-1.73305e-12,Triangle
0.192614,2.04238e-07,0.00459098,3.29764e-08,-1.58334e-13,-5.4086e-12,3.73581e-13,Triangle
0.191754,1.94179e-05,0.00446087,7.08348e-07,3.81818e-11,2.89344e-09,-1.12974e-11,Triangle
0.192312,5.26012e-08,0.00453732,4.17581e-09,1.5026e-14,9.57567e-13,1.02277e-14,Triangle
0.1917,9.36772e-06,0.00442527,1.18498e-07,1.17547e-12,1.67955e-10,2.44574e-12,Triangle
0.192403,6.28215e-09,0.00455344,2.19597e-10,9.22687e-17,-9.72797e-15,1.99263e-16,Triangle
0.190104,8.89069e-06,0.0041638,1.37953e-07,-3.29518e-12,3.36484e-10,2.70791e-13,Triangle
0,0,0,0,0,0,0,Triangle
0.192288,8.61768e-10,0.00453303,6.36723e-10,-4.69035e-16,-1.68241e-14,9.74756e-16,Triangle
0.192604,5.18703e-08,0.00458917,4.9373e-09,-2.30945e-14,-1.1182e-12,4.35695e-15,Triangle
0.192392,1.89504e-08,0.00455148,4.171e-09,-1.38032e-14,-5.38067e-13,-1.18215e-14,Triangle
0.192059,2.08135e-08,0.00449255,1.32441e-08,-5.96667e-14,-1.87167e-12,8.29246e-14,Triangle
0.192445,2.85669e-07,0.00456078,4.61626e-08,-3.64619e-13,-1.81606e-11,-5.61877e-13,Triangle
0.19213,1.38118e-07,0.00450512,1.38723e-08,-1.26159e-14,7.14576e-14,-1.08939e-13,Triangle
0.192079,2.23506e-07,0.00449601,5.14718e-08,2.52717e-13,1.02391e-11,-7.41106e-13,Triangle
0.19249,1.62382e-08,0.00456892,8.82266e-10,-1.21935e-16,5.54885e-14,-1.76716e-15,Triangle
0.192238,3.5062e-08,0.00452411,2.68907e-09,5.62305e-15,3.24542e-13,7.50681e-15,Triangle
0.192359,6.76526e-08,0.00454552,3.85718e-09,1.38648e-14,4.09035e-13,8.28362e-15,Triangle
0.159497,2.17448e-06,1.64351e-08,6.69989e-11,-6.39463e-20,-6.37838e-14,2.92184e-20,Octagon
0.15953,1.6754e-09,2.59376e-09,8.95282e-11,-3.00897e-20,3.38026e-15,-3.09173e-20,Octagon
0.159513,1.6812e-08,1.17855e-09,9.96961e-12,-1.4489e-23,9.73147e-16,-1.08057e-21,Octagon
0.15951,2.13005e-08,7.79135e-08,7.91133e-10,-4.89263e-18,-7.75946e-14,-3.82651e-18,Octagon
0.159522,5.25696e-10,2.71519e-10,2.54106e-12,6.4615e-23,1.96025e-17,-1.67292e-23,Octagon
0.159519,7.93432e-10,7.24955e-10,2.90024e-11,2.84516e-21,-6.28451e-16,3.09683e-21,Octagon
0.159518,1.12026e-06,3.02883e-07,9.44932e-10,-7.66901e-18,-3.19402e-13,1.40263e-17,Octagon
0.159511,3.10442e-08,2.29612e-09,2.04827e-12,1.40167e-22,-3.02281e-16,9.19574e-24,Octagon
0.159531,4.09177e-07,8.02576e-08,4.02466e-10,-1.81057e-18,-1.03018e-13,1.39782e-18,Octagon
0.15955,4.0577e-07,1.42609e-08,2.34054e-11,-1.33548e-20,-1.1234e-15,2.12105e-21,Octagon
0.159505,7.87132e-07,5.17524e-08,3.26405e-10,-9.30624e-19,-1.93229e-14,9.66253e-19,Octagon
0.159525,2.962e-08,7.87016e-10,1.40382e-10,-5.80498e-21,1.09762e-14,4.62988e-20,Octagon
0.159488,3.56788e-08,3.60901e-09,1.07835e-10,4.51958e-20,-1.98636e-14,4.98281e-20,Octagon
0.159522,5.69177e-09,1.99096e-08,1.15348e-11,-4.67096e-21,1.38091e-16,2.95597e-21,Octagon
0.159521,2.80784e-09,5.71567e-09,3.66529e-11,-5.02399e-21,1.94159e-15,1.60064e-20,Octagon
0.159522,2.30707e-07,9.04919e-07,6.74703e-10,9.75301e-18,2.62584e-13,1.3521e-17,Octagon
0.159521,8.93984e-11,1.3436e-09,1.74803e-12,6.87662e-23,-7.41495e-19,4.9475e-23,Octagon
0.15954,1.01672e-08,1.01359e-08,7.34749e-11,-6.30216e-20,-6.47328e-15,-6.98189e-21,Octagon
0.15952,3.11467e-09,2.05687e-09,1.1577e-11,1.71072e-21,-6.24814e-16,-5.14762e-22,Octagon
0.159521,2.37584e-10,5.42663e-10,3.87133e-12,6.21101e-23,2.41423e-17,1.66216e-22,Octagon
0.159517,6.71961e-09,2.41058e-09,5.59497e-12,-6.49758e-22,3.89262e-16,3.45145e-24,Octagon
0.1595,1.36184e-08,2.11288e-07,1.13055e-11,-9.51941e-21,-1.16594e-15,-1.46523e-20,Octagon
0.15952,5.86572e-09,8.24247e-09,2.69992e-12,-3.72862e-22,-1.94479e-16,1.52304e-22,Octagon
0.159436,1.31589e-06,1.03268e-07,1.00457e-09,1.94413e-18,1.13735e-12,1.00454e-17,Octagon
0.159524,2.53383e-09,9.55323e-10,6.60242e-12,-3.75351e-22,-2.89529e-16,3.66149e-22,Octagon
0.159517,3.59665e-09,1.65691e-07,1.61284e-11,2.54445e-20,9.67109e-16,6.90811e-21,Octagon
0.159509,2.75421e-10,2.62641e-10,2.45015e-12,-6.15828e-23,-4.06621e-17,-8.40796e-24,Octagon
0.15951,7.51222e-10,3.36453e-09,3.49173e-11,-3.88342e-21,-8.22636e-16,-1.13205e-20,Octagon
0.159535,1.04176e-09,3.04214e-08,5.22606e-10,-7.23237e-19,1.1649e-14,1.95424e-18,Octagon
0,0,0,0,0,0,0,Octagon
0.15952,6.97077e-10,3.95237e-10,2.43894e-12,-4.62309e-23,-2.80987e-17,5.9973e-23,Octagon
0.159448,1.16507e-06,9.44069e-08,3.58002e-09,-5.18408e-17,-1.81986e-12,4.05493e-17,Octagon
0.159487,3.10257e-08,4.59994e-09,1.77501e-10,1.54499e-19,-3.03279e-14,-4.307e-20,Octagon
0.15952,1.73398e-06,2.20345e-07,6.60841e-09,2.51118e-16,-8.24267e-12,-2.30393e-17,Octagon
0.159523,1.77186e-07,4.36793e-08,1.20113e-10,-2.61524e-19,5.05384e-14,8.54175e-20,Octagon
0.159509,8.25327e-08,1.97506e-08,1.111e-11,1.71494e-21,2.35228e-15,4.91361e-21,Octagon
0.159516,1.45245e-09,1.27998e-09,1.75837e-11,2.00882e-21,-6.61573e-16,-1.7098e-21,Octagon
0.159529,5.02978e-08,1.71069e-08,8.04297e-11,9.43061e-20,1.80347e-14,-2.6433e-21,Octagon
0.159514,1.41646e-11,9.36238e-10,3.59523e-12,1.3796e-22,1.1991e-17,1.56444e-22,Octagon
0.159518,1.7299e-09,1.99316e-10,3.81923e-12,-6.68422e-23,1.13685e-16,-8.1461e-23,Octagon
0.159518,5.34374e-09,1.96227e-09,6.66113e-12,-5.40691e-22,4.63841e-16,-5.36301e-22,Octagon
0.159518,1.23279e-09,4.63228e-10,1.26308e-12,-1.33386e-23,-4.42478e-17,-2.74868e-23,Octagon
0.159471,8.28348e-07,1.00775e-07,3.51035e-10,-1.61832e-18,1.404e-13,-1.31917e-18,Octagon
0.159506,4.36289e-08,2.42357e-08,6.40376e-11,-4.00507e-20,1.227e-14,6.89957e-20,Octagon
0.159519,2.20114e-09,9.19391e-09,6.35445e-12,1.51046e-21,-2.54437e-17,-2.78484e-22,Octagon
0.159521,1.34839e-09,4.3923e-09,3.51597e-14,3.63384e-25,-1.24982e-18,-2.42615e-25,Octagon
0.159516,9.56089e-10,5.01248e-09,6.43184e-12,1.15426e-21,1.98002e-16,3.73504e-23,Octagon
0.159512,4.24451e-10,2.20925e-10,5.83852e-11,3.59245e-21,-5.74282e-16,5.57352e-21,Octagon
0.159522,4.59948e-09,4.5641e-09,4.21041e-13,2.26714e-24,1.94785e-17,1.83174e-23,Octagon
0.159519,9.98766e-11,1.73426e-09,8.72518e-12,-1.06319e-21,-4.82216e-18,-1.46939e-22,Octagon
0.159512,3.18282e-07,3.51034e-10,2.60656e-12,2.23233e-25,-1.09704e-15,-7.8845e-23,Octagon
0.159517,1.9215e-09,4.11421e-10,6.24861e-12,-3.16534e-22,-5.56593e-17,-1.35732e-23,Octagon
0.159509,9.78591e-08,1.75638e-08,1.99008e-10,-3.46771e-19,-2.11343e-15,1.34835e-19,Octagon
0.15949,2.68121e-06,5.33429e-07,1.08093e-11,-1.90263e-20,1.75761e-14,1.76552e-20,Octagon
0.159521,3.75338e-10,9.11537e-10,7.34446e-12,-5.95803e-22,-1.56275e-17,7.83652e-23,Octagon
0.159513,6.00943e-06,7.84656e-08,1.46049e-09,-1.50126e-17,-3.58025e-12,4.36632e-18,Octagon
0.159519,4.86475e-10,2.58115e-10,1.45118e-12,-2.78677e-23,-1.4412e-17,-3.4942e-24,Octagon
0.159525,2.76827e-06,3.72262e-08,2.03592e-10,-5.51947e-19,3.06207e-13,-9.74771e-20,Octagon
0.159519,1.63976e-08,1.0747e-09,2.29735e-11,-1.26907e-22,2.91989e-15,3.60758e-21,Octagon
0.159508,4.02823e-09,4.51151e-10,3.13673e-12,9.94555e-23,-1.73707e-16,6.35001e-23,Octagon
0.159516,2.33932e-10,1.64579e-09,3.89039e-11,-4.48945e-21,1.52342e-16,-8.76083e-21,Octagon
0.159537,2.03804e-08,1.27919e-08,6.95568e-12,1.90494e-21,-9.09625e-16,-8.22207e-22,Octagon
0.159516,8.05446e-08,6.41469e-07,7.84808e-11,5.29676e-19,1.93543e-14,1.71806e-19,Octagon
0.159522,3.30571e-10,4.21572e-10,1.08106e-12,-7.70199e-24,1.28016e-17,2.17557e-23,Octagon
0.159521,8.5049e-09,4.22662e-10,6.09339e-13,9.60927e-24,1.36843e-17,-1.81297e-24,Octagon
0.159518,1.50656e-09,3.51918e-11,1.10474e-12,-6.12169e-24,-2.86038e-17,-3.15804e-24,Octagon
0.159511,2.23199e-09,2.43965e-10,5.45657e-12,3.60987e-23,2.22192e-16,1.95787e-22,Octagon
0.159535,3.04443e-07,4.66917e-09,4.98885e-10,7.01178e-19,-2.052e-13,-2.96818e-19,Octagon
0.159528,6.72798e-09,5.6947e-10,6.87594e-12,3.88782e-22,7.14961e-17,1.84321e-22,Octagon
0.159518,2.71015e-09,1.44852e-10,4.21549e-14,-1.4667e-26,-2.18404e-18,-1.0313e-25,Octagon
0.15952,2.60267e-09,1.62857e-09,6.3531e-12,4.00314e-22,-2.96981e-16,-5.07299e-22,Octagon
0.15952,4.33837e-09,2.34259e-09,2.5915e-11,6.29961e-21,-1.30296e-15,-1.04197e-21,Octagon
0.15952,6.26345e-08,2.86066e-08,3.7011e-11,3.5796e-20,-8.94684e-15,-1.29983e-20,Octagon
0.15951,4.79079e-09,3.93983e-09,7.01599e-11,3.31448e-20,-1.88675e-15,1.61884e-20,Octagon
0.15952,2.93018e-08,2.13748e-08,3.16232e-11,3.84066e-21,1.25249e-15,2.5714e-20,Octagon
0.159519,1.89341e-09,3.65968e-08,8.92967e-12,1.0175e-21,-3.16462e-16,5.00232e-21,Octagon
0.159517,3.26261e-09,2.27144e-09,7.47123e-12,-6.18177e-22,4.26204e-16,7.51754e-22,Octagon
0.159518,8.30848e-09,5.39369e-10,4.43931e-12,-1.57676e-22,7.50078e-17,1.49421e-22,Octagon
0.159514,8.59723e-08,4.02162e-09,8.87897e-11,-4.80727e-20,-1.42869e-14,-2.24519e-20,Octagon
0.159515,5.35611e-09,4.6348e-10,2.09725e-12,-1.95373e-23,-1.52288e-16,-6.23998e-23,Octagon
0.159474,1.01718e-08,1.22238e-08,4.27626e-10,1.57304e-19,-1.52608e-14,9.64948e-19,Octagon
0.159514,1.40174e-09,1.87308e-09,7.05309e-12,-4.48535e-22,2.23961e-16,6.75286e-22,Octagon
0.159524,2.7004e-09,2.10907e-09,9.15115e-12,1.08505e-21,3.89453e-16,6.62536e-22,Octagon
0.159481,1.62254e-06,4.54734e-07,1.64638e-10,9.94863e-19,1.35185e-13,-1.01959e-18,Octagon
0.159516,6.80004e-09,3.78927e-09,5.78807e-13,1.8698e-23,-4.35106e-17,-1.96256e-23,Octagon
0.159524,1.12405e-08,6.76947e-10,3.20898e-11,-3.89198e-21,9.3434e-17,2.68739e-21,Octagon
0.159534,5.38511e-08,2.14196e-08,4.61877e-10,-9.86738e-19,-1.03401e-13,-1.06624e-18,Octagon
0.159522,1.87745e-09,9.57333e-10,2.11477e-12,2.51137e-23,-6.27798e-17,-9.17796e-23,Octagon
0.159511,1.05567e-09,2.78964e-09,3.92568e-12,5.28845e-23,1.24255e-16,4.07397e-22,Octagon
0.159513,5.34862e-07,2.88363e-07,1.41798e-09,5.29439e-18,1.00628e-12,2.81801e-17,Octagon
0.159502,1.70405e-07,2.12567e-09,2.21874e-11,2.47899e-21,1.91402e-15,4.13183e-21,Octagon
0.159536,1.67618e-07,4.17912e-08,1.74077e-10,-2.64823e-19,-1.0946e-14,3.87708e-19,Octagon
0.159483,4.62528e-09,1.87326e-09,4.54231e-11,4.91558e-21,-4.4135e-16,1.23044e-20,Octagon
0.159539,3.86365e-08,1.0703e-07,1.00813e-10,2.24361e-19,-1.89258e-14,-2.43567e-19,Octagon
0.159513,5.61283e-09,1.76034e-09,1.55309e-12,-4.97864e-23,3.35125e-17,6.41552e-23,Octagon
0.159508,4.69905e-07,1.95252e-08,2.12365e-10,3.26241e-19,6.01646e-14,2.83847e-19,Octagon
0.159519,1.49741e-08,5.04155e-09,3.60087e-11,-1.37054e-20,-4.99696e-16,-6.89564e-21,Octagon
0.159499,2.15533e-07,2.51999e-09,3.21608e-10,2.69721e-19,-1.46202e-13,-1.05245e-19,Octagon
0.159494,6.64715e-08,2.69944e-08,4.15888e-11,4.13057e-20,2.54268e-15,-1.53502e-20,Octagon
0.159519,7.38873e-08,7.16925e-08,1.27216e-10,-8.24699e-20,-2.68925e-14,3.75236e-19,Octagon
0.159557,3.72036e-08,2.9481e-07,4.88451e-10,-9.43198e-19,-3.30657e-14,5.78503e-18,Octagon
0.159545,1.959e-06,8.4026e-07,1.86254e-08,1.3706e-15,-1.02263e-11,1.88431e-15,Octagon
0.159514,7.84245e-10,2.19573e-09,4.85053e-12,3.34764e-22,-1.12435e-16,-3.72173e-22,Octagon
0.159515,7.1001e-10,1.42005e-09,1.19771e-12,2.61596e-23,-1.51076e-17,-4.18991e-23,Octagon
0.159606,2.97551e-08,2.32255e-08,1.4512e-11,3.51259e-21,-2.06413e-17,7.6579e-21,Octagon
0.159541,3.1138e-08,1.61716e-08,1.1764e-10,1.32123e-19,-1.92827e-14,9.41886e-20,Octagon
0.159533,5.36441e-08,5.42412e-08,7.27582e-09,1.31386e-16,8.10585e-13,6.02461e-17,Octagon
0.159543,1.45541e-08,2.24415e-09,2.65793e-11,5.02891e-21,2.91123e-15,-4.10472e-21,Octagon
0.159513,7.69536e-11,8.21815e-10,7.76099e-12,-1.93656e-22,-6.67836e-17,5.88786e-22,Octagon
0.15952,8.72033e-09,1.42486e-11,1.83331e-13,3.95668e-26,-1.11722e-17,-2.93653e-25,Octagon
0.15954,5.62177e-08,2.34324e-11,4.54993e-11,-5.90953e-22,9.97425e-15,1.36305e-21,Octagon
0.159541,3.14094e-07,1.24294e-06,3.90168e-09,1.41186e-16,-8.0197e-13,2.32146e-16,Heptagon
0.159757,1.77721e-07,1.50953e-07,5.85371e-09,1.56788e-16,-3.55578e-13,-7.54737e-17,Heptagon
0.159818,6.64582e-08,1.03032e-07,3.79982e-10,-2.37719e-18,-5.08914e-14,-4.13216e-20,Heptagon
0.159787,1.24736e-08,3.53573e-08,7.57559e-12,7.74999e-22,-8.23831e-16,3.84335e-21,Heptagon
0.15981,1.54215e-09,5.02775e-08,8.62238e-11,-1.75908e-19,2.43743e-15,-3.58592e-20,Heptagon
0.159781,1.25238e-08,1.95125e-08,1.35006e-11,-6.80511e-21,5.13339e-16,-1.30569e-21,Heptagon
0.159805,3.77849e-08,1.02665e-08,1.93484e-10,2.69232e-19,-2.11912e-14,-4.33228e-20,Heptagon
0.159848,2.82696e-07,1.86973e-07,1.53509e-10,-4.02464e-19,-5.07358e-14,7.17205e-19,Heptagon
0.159797,8.66262e-08,4.66799e-08,4.93255e-14,-1.82304e-24,4.07217e-19,-1.50948e-24,Heptagon
0.159802,1.91099e-08,9.9027e-08,1.22085e-11,-1.38376e-21,-1.66845e-15,1.33521e-20,Heptagon
0.159776,1.28519e-08,1.38125e-07,3.66915e-11,-7.49884e-20,1.75738e-15,3.46362e-20,Heptagon
0.159924,1.60828e-07,3.11134e-07,1.79191e-09,-1.73946e-18,1.05077e-13,-4.22747e-17,Heptagon
0.159788,7.48478e-09,2.00074e-08,4.75441e-11,-1.06527e-20,-2.78962e-15,-4.51301e-20,Heptagon
0.159798,2.30742e-08,1.35894e-08,1.04506e-10,3.55615e-20,1.4096e-14,1.19356e-19,Heptagon
0.159811,1.86057e-07,2.0701e-07,6.86343e-11,1.28306e-19,2.34674e-14,2.24648e-19,Heptagon
0.159762,2.86323e-06,2.34527e-06,2.98832e-10,1.20632e-18,4.39278e-13,7.81858e-18,Heptagon
0.159796,4.07791e-08,9.48299e-08,5.92795e-10,-4.38377e-18,-1.10869e-13,-7.32649e-19,Heptagon
0.159898,1.65052e-07,3.39101e-07,9.00012e-10,-1.50759e-18,-2.84764e-13,-1.56506e-17,Heptagon
0.159677,6.12274e-08,1.20988e-06,1.05958e-09,3.68805e-17,2.36453e-13,-8.89347e-18,Heptagon
0.15976,6.44183e-08,8.75468e-08,3.23982e-10,-1.02158e-18,-5.79455e-14,-1.39052e-18,Heptagon
0.159803,5.5579e-10,7.40582e-08,3.97847e-11,-4.73624e-20,7.37572e-16,-4.91976e-20,Heptagon
0.1598,1.71065e-07,2.11104e-08,8.33799e-11,-8.58892e-20,-2.38528e-14,6.97152e-20,Heptagon
0.159794,5.39818e-08,2.10995e-08,9.93699e-11,1.38694e-19,-2.03206e-14,-3.83006e-20,Heptagon
0.159788,9.65154e-09,3.59539e-08,1.4335e-11,-7.49266e-21,-9.70345e-16,-7.05479e-21,Heptagon
0.159765,1.43448e-09,3.43146e-08,3.00655e-11,-2.82032e-20,1.1386e-15,-1.17116e-20,Heptagon
0.159781,2.43677e-08,2.11075e-08,1.39897e-11,3.22365e-21,5.51491e-16,6.88473e-21,Heptagon
0.159738,8.90038e-08,1.4537e-07,2.56766e-10,4.04338e-19,-7.64489e-14,1.51571e-18,Heptagon
0.159785,4.10181e-08,4.09223e-08,5.37798e-13,4.62085e-23,1.082e-17,-6.50389e-23,Heptagon
0.159783,1.03881e-07,3.27198e-07,1.9326e-10,-1.2429e-18,6.05879e-15,-9.03877e-19,Heptagon
0.159807,1.6417e-06,6.96541e-07,5.22564e-10,1.25862e-18,-5.8122e-13,-9.88994e-18,Heptagon
0.159786,5.98483e-10,3.51333e-08,5.38477e-11,4.3412e-20,-1.03526e-16,-6.0008e-20,Heptagon
0.159796,2.62697e-09,3.09621e-08,4.78203e-12,-1.23792e-21,2.44621e-16,-1.36139e-21,Heptagon
0.159798,2.82025e-07,1.96158e-09,5.44234e-12,4.65596e-22,2.80527e-15,3.15311e-22,Heptagon
0.159768,2.36002e-08,3.38124e-08,8.51204e-11,1.44274e-19,-1.18791e-14,-6.20129e-21,Heptagon
0.159676,7.02985e-06,2.73451e-06,9.45589e-09,6.95214e-16,1.20722e-11,1.35228e-15,Heptagon
0.159788,1.56925e-09,1.5283e-08,9.80311e-13,8.50452e-23,3.7117e-17,-8.46478e-23,Heptagon
0.15979,5.12093e-07,1.03306e-07,6.44942e-11,-1.66333e-19,1.18332e-14,-6.82313e-21,Heptagon
0.159785,1.2074e-08,9.73511e-08,1.37679e-11,-1.39939e-20,-1.06161e-15,-7.63132e-21,Heptagon
0.159802,1.6903e-07,2.35667e-09,1.23014e-10,-5.34283e-20,4.69115e-14,3.91447e-20,Heptagon
0.159785,7.57571e-09,2.26616e-08,1.67604e-13,8.09872e-24,1.16617e-17,-6.41131e-24,Heptagon
0.159789,5.48028e-09,4.32608e-08,2.32776e-11,1.02267e-20,-1.46959e-15,2.10014e-20,Heptagon
0.159779,3.38388e-06,2.87696e-08,2.19268e-10,-5.2223e-19,1.82402e-13,1.7483e-19,Heptagon
0.159797,1.27977e-08,2.39479e-08,1.84725e-11,1.22076e-20,1.1832e-15,-1.38859e-21,Heptagon
0.159799,1.44378e-07,1.17823e-07,3.11545e-10,1.61849e-18,1.92066e-14,9.71241e-19,Heptagon
0.159798,2.4958e-09,2.41252e-08,1.21917e-11,-6.15019e-21,-2.18644e-16,2.42757e-21,Heptagon
0.159823,1.22145e-08,1.97863e-07,3.88447e-11,-1.06364e-19,-4.29286e-15,1.68552e-20,Heptagon
0.15978,2.77738e-09,2.45218e-08,7.41045e-12,-2.98543e-21,6.31721e-17,-1.03257e-21,Heptagon
0.159793,8.6107e-08,7.71263e-08,6.01906e-13,6.5736e-23,1.352e-16,-1.11791e-22,Heptagon
0.15977,4.10301e-08,6.31864e-08,3.08628e-10,1.35142e-18,-7.20927e-15,1.76562e-19,Heptagon
0.159772,6.7074e-09,4.62561e-09,1.12007e-10,7.77437e-20,4.08331e-15,2.13473e-20,Heptagon
0.159797,5.92577e-09,3.73453e-08,1.40811e-11,-9.84924e-21,-5.6347e-16,-2.69425e-21,Heptagon
0.159788,1.61717e-07,3.90515e-08,1.38468e-11,-1.00917e-20,-1.99615e-15,-1.35449e-21,Heptagon
0.159788,1.21687e-06,2.90342e-07,5.87927e-10,-9.72365e-19,-4.6522e-13,7.6196e-18,Heptagon
0.159775,9.02851e-09,1.23196e-08,1.49986e-10,8.43142e-20,-5.10948e-15,-1.8563e-19,Heptagon
0.159786,4.43551e-09,3.47609e-08,1.90483e-12,2.19232e-22,9.88946e-17,-4.3839e-22,Heptagon
0.159786,2.59983e-08,4.19472e-08,7.81762e-12,4.00795e-22,2.78037e-16,-4.45878e-21,Heptagon
0.159786,1.0776e-06,4.75407e-07,4.89757e-09,1.3667e-16,-4.47219e-12,-1.92794e-16,Heptagon
0.15976,3.56651e-07,8.01612e-08,5.51503e-10,2.45964e-18,3.2821e-13,-2.71968e-18,Heptagon
0.159737,2.93292e-07,1.15126e-06,3.02048e-09,1.64028e-16,-1.35706e-12,6.94254e-17,Heptagon
0.159783,6.57272e-09,1.90849e-08,5.23334e-11,4.19865e-20,4.099e-15,-3.11861e-20,Heptagon
0.159788,7.58032e-09,1.68872e-08,4.31372e-12,-6.42431e-22,-2.80111e-16,-9.70989e-22,Heptagon
0.159812,3.50419e-09,4.91293e-08,2.78315e-10,-8.20893e-19,4.10305e-15,-6.20694e-19,Heptagon
0.159796,2.81964e-06,7.34284e-07,4.13434e-09,-2.18571e-16,-5.19995e-12,6.41609e-17,Heptagon
0.159802,4.23372e-09,3.08262e-08,1.00193e-10,1.51385e-19,-6.72508e-16,-8.99292e-20,Heptagon
0.159801,4.16081e-09,1.33321e-07,9.20841e-11,1.50723e-19,-3.0483e-15,2.85277e-19,Heptagon
0.159789,3.16193e-08,5.40452e-08,7.26263e-12,4.54743e-21,1.0974e-16,-1.55454e-22,Heptagon
0.159785,1.5181e-07,1.59794e-08,6.40887e-12,-1.82677e-21,5.56233e-16,9.32341e-22,Heptagon
0.15963,8.13536e-07,1.57975e-07,9.23768e-11,-2.21415e-19,-5.03669e-14,2.74784e-19,Heptagon
0.159803,2.56469e-08,1.47894e-07,9.64032e-11,-8.78711e-21,-2.65837e-15,-3.63903e-19,Heptagon
0.159784,1.12778e-08,3.92693e-08,1.3463e-10,2.32423e-19,1.37426e-14,-2.04463e-19,Heptagon
0.159813,1.0598e-08,1.43244e-07,1.60184e-11,-2.33402e-21,1.29243e-15,-2.41518e-20,Heptagon
0.159786,1.66262e-08,3.57278e-08,2.55796e-12,6.75565e-22,-2.35165e-16,3.76285e-22,Heptagon
0.159656,2.01161e-06,8.19928e-06,1.12834e-08,2.1966e-15,-9.94755e-12,-2.637e-15,Heptagon
0.159756,1.12794e-06,3.453e-07,3.33399e-09,-5.602e-17,3.05777e-12,9.82763e-17,Heptagon
0.159793,4.52532e-09,1.80838e-07,4.37924e-10,-3.39992e-18,-2.25271e-14,-1.90475e-18,Heptagon
0.159751,5.17822e-07,2.43134e-07,7.81336e-11,-3.38729e-19,-3.9876e-14,-3.51628e-20,Heptagon
0.159777,2.78037e-08,4.24389e-08,1.8351e-11,1.44566e-20,-3.05706e-15,7.29892e-21,Heptagon
0.159802,2.48648e-08,8.08883e-07,1.50891e-09,1.08857e-18,3.57079e-14,5.27044e-17,Heptagon
0.159842,2.18076e-07,4.06434e-07,6.40306e-10,-1.01209e-17,-6.6957e-14,2.06512e-18,Heptagon
0.159834,3.1464e-06,5.93565e-07,2.43989e-09,4.91584e-17,-4.1848e-12,7.87712e-17,Heptagon
0.159799,5.5296e-08,6.81426e-08,1.37825e-10,-3.82091e-19,-1.8747e-14,-1.80027e-19,Heptagon
0.159654,2.75596e-06,9.94917e-07,1.24506e-09,-3.80881e-17,-1.38642e-12,-2.16686e-17,Heptagon
0.159666,2.54643e-06,7.21843e-07,5.66846e-09,-3.21299e-16,8.61201e-12,-1.68048e-16,Heptagon
0.159793,5.01851e-06,1.91953e-07,1.01461e-09,4.3562e-18,-2.23201e-12,1.34727e-17,Heptagon
0.159788,1.87478e-08,4.12445e-09,1.17462e-11,-1.99488e-21,-1.21718e-15,-1.64461e-21,Heptagon
0.15976,1.3987e-06,9.8103e-08,2.83998e-10,-1.05548e-18,-7.77491e-14,1.06448e-18,Heptagon
0.159799,4.14572e-07,4.46333e-07,1.22289e-10,-8.33857e-19,-5.65008e-14,3.47754e-19,Heptagon
0.159793,2.59559e-09,4.26858e-08,9.37545e-12,-3.67208e-21,1.7391e-16,-4.65756e-21,Heptagon
0.159774,1.25032e-07,1.04636e-07,3.52089e-10,-3.06588e-19,9.81529e-14,-2.11497e-18,Heptagon
0.159811,1.36294e-06,7.34689e-07,3.06308e-12,-4.37804e-21,-3.88591e-16,1.39543e-21,Heptagon
0.159809,1.14035e-07,8.56498e-08,1.65059e-10,-6.20445e-19,-4.68869e-14,-1.43951e-20,Heptagon
0.159783,1.61102e-07,2.54488e-07,4.35348e-11,-1.10742e-19,-4.43125e-15,-9.3457e-20,Heptagon
0.159788,6.63629e-09,2.6467e-08,5.60088e-12,1.36028e-21,2.75367e-16,1.67328e-21,Heptagon
0.159775,2.22626e-07,9.14158e-08,7.20977e-12,-5.79846e-21,-3.35488e-15,-7.98622e-22,Heptagon
0.159803,7.42174e-07,7.15363e-07,1.49608e-09,3.80261e-17,1.15607e-12,3.08139e-17,Heptagon
0.15975,9.06367e-09,5.20957e-08,1.50305e-10,1.30863e-19,6.48494e-15,-3.99714e-19,Heptagon
0.159782,1.23769e-08,2.0693e-08,6.6999e-12,6.54564e-22,-6.76251e-16,2.40727e-21,Heptagon
0.159794,1.25694e-08,3.26007e-08,6.93798e-11,1.00767e-19,7.68021e-15,-2.70841e-20,Heptagon
0.159813,3.54596e-08,4.20812e-08,4.35941e-11,3.06856e-20,3.64102e-15,5.04456e-20,Heptagon
0.159793,1.08278e-08,3.86388e-08,9.47657e-14,-5.42855e-24,9.39804e-18,1.84776e-24,Heptagon
0.160191,5.03746e-06,2.61376e-06,7.02684e-09,8.65124e-16,9.14085e-12,3.98033e-16,Heptagon
0.159851,8.83263e-08,9.49682e-08,3.03931e-10,-1.23359e-18,4.01426e-14,-1.06982e-18,Heptagon
0.159669,8.79029e-06,3.12327e-06,4.02406e-09,2.51383e-16,3.30003e-12,3.74598e-16,Heptagon
0.159721,3.38441e-07,2.73485e-08,4.07788e-11,3.83704e-20,4.4956e-15,1.95513e-20,Heptagon
0.159781,6.44114e-08,2.0551e-06,5.46893e-10,-1.26073e-17,-1.27618e-13,1.33121e-17,Heptagon
0.159784,2.99694e-08,5.3198e-08,8.34511e-12,-1.47167e-21,1.1041e-15,5.36198e-21,Heptagon
0.1598,7.95164e-09,3.41698e-08,2.26759e-11,1.98136e-20,3.62824e-18,2.41554e-21,Heptagon
0.159784,2.18493e-08,8.18102e-08,9.98753e-12,2.87037e-21,-4.39934e-16,-8.55952e-21,Heptagon
0.159799,4.45565e-07,4.22467e-08,6.70776e-10,1.8753e-18,4.43348e-13,3.0387e-18,Heptagon
0.159807,1.9279e-08,1.15737e-07,1.64811e-10,-5.68732e-19,-1.93426e-14,-4.41203e-19,Heptagon
0.159801,9.18352e-10,2.19156e-08,1.19728e-11,-6.01058e-21,-1.898e-16,1.21892e-21,Heptagon
0.166609,2.692e-08,1.99276e-08,6.80832e-10,8.34141e-19,-7.42518e-14,-2.36498e-18,Square
0.166747,5.39538e-08,1.49913e-08,3.00825e-09,1.48547e-17,6.6626e-13,-1.36913e-17,Square
0.166542,7.86279e-08,1.29167e-08,1.00127e-09,-6.60605e-19,1.23088e-13,3.53972e-18,Square
0.16669,1.60893e-07,2.11034e-07,2.47117e-08,9.13189e-16,9.19154e-12,-1.53321e-15,Square
0.166696,2.92469e-08,5.77613e-10,2.82054e-11,-3.58283e-21,4.65244e-15,3.52515e-22,Square
0.166429,3.73077e-06,5.1155e-06,1.6426e-07,-1.49788e-13,-6.61732e-11,-1.53364e-14,Square
0.166633,5.8461e-09,4.2661e-09,2.8445e-10,-1.28855e-19,-2.09062e-14,2.85626e-19,Square
0.166637,1.26897e-08,1.29265e-08,1.38059e-09,2.84883e-18,1.33888e-13,-5.08917e-18,Square
0.166643,6.45667e-09,1.26552e-09,1.09011e-10,-3.96501e-20,8.51598e-17,-8.20106e-21,Square
0.166589,1.05577e-08,1.49619e-09,1.33596e-10,-5.9161e-20,1.56812e-15,8.21553e-21,Square
0.166651,2.42101e-10,1.38535e-09,1.52703e-10,6.47795e-20,1.91809e-16,2.71383e-20,Square
0.16665,1.08516e-09,1.63791e-09,1.2247e-10,-4.06952e-20,1.85895e-16,-3.67779e-20,Square
0.166627,3.6854e-08,7.34772e-09,7.9511e-10,-1.82732e-18,2.24555e-14,-5.95278e-19,Square
0.166431,0,0,0,0,0,0,Square
0.166401,1.59358e-06,6.22393e-07,3.40575e-08,-4.22943e-15,1.23571e-11,2.58818e-15,Square
0.16642,3.6135e-10,5.18987e-08,6.60881e-09,2.28628e-17,-4.61765e-14,-1.20241e-16,Square
0.166634,3.31377e-09,9.44464e-10,4.24949e-11,1.19254e-21,-2.61098e-16,8.42936e-21,Square
0.166696,1.58243e-06,7.57199e-09,7.68477e-10,1.63112e-18,-1.94873e-13,8.80813e-19,Square
0.167664,5.36113e-07,8.52243e-06,2.9824e-07,-4.73445e-13,-1.08831e-10,-4.39202e-14,Square
0.166678,3.63553e-10,3.7306e-09,4.80192e-10,2.43913e-19,7.58315e-15,-5.94623e-19,Square
0.166688,2.14556e-09,3.09408e-09,1.75408e-10,5.29096e-20,-7.86016e-15,1.17894e-19,Square
0.166022,4.3943e-06,7.79748e-07,2.602e-08,-8.50144e-16,5.27465e-11,3.60746e-15,Square
0.166425,6.33056e-07,1.45101e-07,3.30926e-08,-3.80013e-16,-8.74864e-13,2.26144e-15,Square
0.166662,6.51393e-10,6.93913e-09,3.923e-10,2.22329e-19,-9.55142e-15,6.0788e-19,Square
0.16664,5.51022e-09,9.5354e-10,1.91446e-10,-7.54345e-20,1.09166e-14,3.16301e-20,Square
0.166662,2.13067e-09,2.74019e-09,2.64002e-10,-1.94188e-19,-9.83454e-15,-1.12743e-19,Square
0.165866,5.32555e-06,2.99421e-07,1.64112e-08,2.58663e-16,-2.5606e-12,1.12096e-15,Square
0.166642,5.10093e-08,1.09199e-08,1.34709e-09,-4.32466e-19,-2.50457e-13,5.14843e-18,Square
0.166666,2.11674e-09,7.38217e-10,6.79731e-11,1.28541e-20,2.82631e-15,8.16193e-21,Square
0.166586,1.17833e-06,5.53172e-07,1.41772e-08,-1.25465e-15,-4.57932e-12,4.61697e-17,Square
0.16663,1.79418e-09,1.22762e-08,9.57511e-10,-1.93229e-18,-1.56509e-14,2.6539e-18,Square
0.16668,1.03395e-08,1.7127e-09,5.66028e-11,8.31347e-22,-4.6874e-15,1.76041e-20,Square
0.16659,6.82365e-10,1.53286e-08,8.24357e-10,-2.62957e-18,2.00354e-14,1.29326e-18,Square
0.166631,2.90106e-08,9.43834e-09,6.54978e-10,-1.43242e-18,2.09144e-14,-7.74723e-19,Square
0.166705,1.73552e-08,3.80569e-08,2.33928e-10,9.64761e-21,2.6918e-14,6.97906e-19,Square
0.166655,1.84536e-08,1.11757e-08,3.93917e-10,8.18975e-19,-5.31613e-14,-1.11297e-19,Square
0.166669,5.47869e-09,6.62783e-09,9.97937e-11,-7.95092e-20,-6.44107e-15,1.62844e-20,Square
0.166595,1.14012e-10,1.55474e-09,1.14784e-10,-1.65005e-20,4.56386e-16,4.55962e-20,Square
0.165977,2.64098e-06,1.41672e-06,6.55131e-08,-1.54794e-14,-3.79302e-11,-1.25993e-14,Square
0.166603,3.11691e-08,1.86109e-08,2.83946e-09,-1.87722e-17,3.14624e-13,-8.5829e-18,Square
0.166781,2.2846e-08,1.52891e-08,5.71397e-10,1.3281e-18,-7.2948e-14,-1.04329e-18,Square
0.166725,5.09933e-08,9.21975e-09,1.28028e-09,-9.37526e-19,1.77306e-13,-4.29754e-18,Square
0.166555,4.26036e-07,1.43963e-07,6.96425e-10,-6.92607e-18,-5.29277e-14,8.09958e-19,Square
0.166687,1.43353e-07,1.08373e-08,7.68539e-11,-4.07798e-20,-1.90902e-14,5.70658e-20,Square
0.166447,0,0,0,0,0,0,Square
0.166656,1.91518e-08,5.99208e-09,6.61075e-10,-1.18538e-18,4.44655e-14,-5.70972e-19,Square
0,0,0,0,0,0,0,Square
0.16655,1.13893e-09,4.14279e-08,5.79975e-09,-4.65549e-17,7.63692e-14,-7.69069e-17,Square
0.166519,1.99758e-07,4.0136e-08,4.64745e-09,6.27019e-17,2.06629e-12,9.86422e-18,Square
0.166618,8.7006e-10,1.53837e-09,6.77877e-11,2.13937e-20,-1.90777e-15,-4.6376e-21,Square
0.166643,2.58872e-08,1.58646e-09,1.39934e-10,-4.45448e-20,-3.37518e-15,4.86092e-20,Square
0.166658,6.11447e-08,1.2549e-09,1.36042e-10,3.97023e-20,-1.38689e-14,3.97905e-20,Square
0.1658,8.23079e-09,2.79151e-07,9.4625e-09,2.58339e-16,8.46296e-13,-4.12038e-16,Square
0.166641,9.18594e-09,8.3524e-09,7.13076e-10,5.33179e-19,-6.28501e-14,1.65655e-18,Square
0.166668,7.871e-09,1.60533e-10,1.34353e-11,1.17802e-22,-8.29029e-16,6.12735e-22,Square
0.166636,1.51243e-09,1.77437e-09,1.96274e-10,-1.0169e-19,-1.82353e-15,5.54566e-20,Square
0.166552,8.22584e-08,1.08363e-08,9.01192e-10,1.01443e-18,2.05403e-13,2.62716e-18,Square
0.166685,1.59679e-08,1.50854e-09,1.7534e-10,-8.60787e-20,-2.0417e-15,2.68793e-20,Square
0.166619,3.78056e-09,8.46162e-09,6.95096e-10,1.58419e-18,4.10323e-14,5.76272e-19,Square
0.166835,1.65866e-08,1.01823e-07,7.96487e-09,-2.23871e-16,7.66513e-13,-3.64902e-17,Square
0.166593,3.25133e-08,1.20888e-08,1.34069e-09,-1.85592e-18,-2.10551e-13,-5.06829e-18,Square
0.16657,1.59612e-07,5.16165e-08,7.45115e-09,1.09741e-16,-2.72976e-12,-9.6488e-17,Square
0.16655,8.71616e-06,7.35104e-07,8.02854e-08,-1.64387e-14,-6.05648e-11,1.04968e-14,Square
0.16668,8.04108e-08,1.09028e-08,2.26243e-10,5.77552e-20,5.75181e-14,3.50606e-19,Square
0.166636,9.31088e-10,1.89304e-09,1.97298e-10,1.20576e-19,-6.02029e-15,3.70413e-31,Square
0.166591,9.33677e-09,5.34175e-08,3.18112e-09,-3.79924e-17,-7.93544e-14,-1.6618e-17,Square
0.166694,2.60036e-09,1.00693e-08,1.17902e-09,-9.86299e-19,3.56613e-14,3.94081e-18,Square
0.166655,3.22614e-08,1.69152e-08,1.30516e-09,1.76762e-18,2.22845e-13,-5.87219e-18,Square
0.166591,8.38962e-11,2.16849e-08,1.7361e-09,1.04099e-17,-1.41073e-14,-2.25913e-18,Square
0.166527,8.34166e-09,3.85456e-08,1.75142e-09,-1.08394e-17,-1.11433e-13,-9.46523e-18,Square
0.166663,1.07834e-06,9.47751e-11,1.05273e-11,-3.32524e-22,-1.09319e-14,-1.10133e-32,Square
0.166613,5.16786e-08,1.96676e-08,1.64438e-09,8.91453e-18,-3.61633e-13,-2.82511e-18,Square
0.16633,2.1855e-10,1.29105e-06,1.71902e-07,6.25111e-14,-9.37424e-13,5.14838e-14,Square
0.166544,2.34095e-09,6.67555e-08,1.59951e-09,-1.29188e-18,5.94287e-14,1.64776e-17,Square
0.166632,4.61557e-11,9.8367e-10,8.01225e-11,-1.28656e-21,1.21025e-16,-2.24567e-20,Square
0.16666,8.68286e-10,4.30537e-09,4.8157e-11,2.16531e-20,2.83654e-16,3.46019e-21,Square
0.166663,6.18863e-10,4.32754e-10,4.62182e-11,-6.47269e-21,9.58e-16,9.10584e-22,Square
0,0,0,0,0,0,0,Square
0.166632,4.39568e-09,4.47969e-09,4.98142e-10,1.36327e-19,-2.83805e-15,7.31544e-19,Square
0.166634,8.60374e-11,2.97016e-09,2.77083e-10,-1.00164e-19,2.11962e-15,-2.30547e-19,Square
0.166667,0,0,0,0,0,0,Square
0.166592,3.21213e-08,7.96971e-08,9.47522e-09,3.55606e-17,1.19889e-12,2.57939e-16,Square
0.166658,3.6487e-07,3.97185e-08,7.65882e-09,1.30646e-16,-4.44694e-12,-2.78402e-17,Square
0.165887,1.91572e-06,1.09482e-06,8.84895e-08,1.28422e-14,1.08011e-10,2.43656e-14,Square
0.166582,5.10918e-08,8.53647e-08,4.53144e-09,-1.53734e-17,-5.0221e-13,8.7788e-17,Square
0.16666,1.74397e-07,2.74599e-08,2.65263e-09,-2.22374e-19,9.9836e-13,2.26383e-17,Square
0.166459,1.28841e-06,2.70676e-07,2.3299e-08,-1.28016e-15,1.09085e-11,1.33589e-15,Square
0.166522,4.13131e-08,1.8855e-07,2.9233e-09,5.39774e-17,-4.34409e-13,-4.2388e-17,Square
0.166431,1.69497e-06,4.73091e-07,7.23601e-09,-2.37196e-16,-7.22037e-12,-3.50686e-16,Square
0.166672,1.44837e-08,1.1812e-08,8.98394e-10,-2.32128e-18,2.72226e-14,1.7823e-18,Square
0.166618,3.25715e-08,1.33551e-10,1.36829e-11,-2.61007e-22,2.07748e-15,5.23446e-22,Square
0.16656,6.39618e-07,4.03207e-07,6.86414e-11,7.5561e-20,1.88464e-14,-3.53119e-19,Square
0.166619,4.58621e-10,7.44166e-10,4.58634e-11,4.05254e-22,-4.16614e-16,8.46324e-21,Square
0.166117,1.38661e-09,4.81492e-08,1.12263e-08,2.09964e-16,-4.03862e-13,1.55043e-16,Square
0.166653,2.1519e-07,5.95904e-08,5.89198e-09,-1.0601e-16,3.67484e-13,3.08341e-17,Square
0.166761,1.06502e-09,1.36915e-08,1.6313e-09,-1.8145e-18,3.59901e-14,-7.49293e-18,Square
0.166658,2.73063e-08,1.63883e-08,1.3095e-09,-6.02819e-18,1.60226e-13,6.79131e-19,Square
0.166679,2.06044e-08,2.46e-08,2.24454e-09,1.63351e-17,-3.2013e-13,3.36712e-18,Square
0.166665,5.32597e-09,9.85414e-09,9.06805e-10,-7.71807e-19,-2.07708e-14,-2.5985e-18,Square
0.166751,2.06146e-07,2.67459e-08,2.79171e-09,2.29789e-17,-1.24575e-12,-7.3415e-18,Square
0.166642,7.68114e-09,1.85752e-09,1.86096e-10,-1.01644e-19,-1.46923e-14,-4.04972e-20,Square
0.166295,1.08535e-07,4.9809e-08,3.83951e-09,5.00544e-18,9.08949e-13,5.28603e-17,Square
0.16662,1.13571e-08,6.95515e-08,4.72308e-10,-2.50145e-18,-3.26947e-14,-1.03476e-18,Square
0.166685,1.49943e-09,1.70527e-10,2.76344e-11,-1.83215e-21,4.0997e-16,-4.91843e-22,Square
0.166646,5.67149e-08,1.02475e-08,1.89477e-09,5.19031e-18,-3.83501e-13,6.53984e-18,Square
0.166669,3.48405e-10,1.47265e-10,9.4211e-12,-3.47002e-22,1.71521e-16,-5.22535e-23,Square
0.166646,1.77228e-08,5.00715e-09,3.45471e-10,3.2843e-19,-3.18654e-14,3.13988e-19,Square
0.166667,2.87231e-08,1.83318e-09,1.18271e-10,-5.36709e-20,1.60052e-15,1.23385e-20,Square
0.166621,1.1679e-12,5.02612e-10,1.24999e-10,1.41983e-20,-8.97349e-17,2.79292e-20,Square
0.166534,1.21646e-07,2.1492e-08,2.36331e-09,1.58543e-17,7.97095e-13,-5.68567e-18,Square
0.166471,3.16445e-07,1.16161e-08,1.72197e-09,4.86482e-18,8.04785e-13,5.97035e-18,Square
0.159377,6.67594e-08,3.20141e-08,3.48573e-11,2.92076e-20,2.95342e-15,-2.24231e-20,Nonagon
0.15938,9.06595e-08,3.97591e-08,3.6084e-11,-1.16889e-20,-5.656e-15,-4.16099e-20,Nonagon
0.159374,1.19686e-08,6.59881e-09,1.0941e-12,-4.25006e-23,1.18804e-16,8.26814e-23,Nonagon
0.159209,1.39644e-06,3.5267e-07,7.60565e-10,1.24546e-17,8.98669e-13,2.07572e-19,Nonagon
0.159384,2.29466e-09,3.51199e-09,1.87066e-12,-1.28534e-22,-8.59766e-17,-8.04309e-23,Nonagon
0.159339,4.93117e-07,1.25384e-07,7.67858e-10,3.33524e-18,4.01482e-13,-6.75586e-18,Nonagon
0.159385,2.22371e-08,1.14627e-09,4.33211e-12,-2.19879e-22,-5.38448e-16,-2.11771e-22,Nonagon
0.159344,9.21111e-07,2.11865e-07,2.14065e-10,-8.88532e-19,1.99093e-13,-1.13524e-18,Nonagon
0.159372,2.74668e-08,4.13889e-08,1.50871e-11,-1.15627e-20,4.90918e-16,-2.9051e-21,Nonagon
0.159389,9.42787e-08,6.65949e-08,1.66177e-10,-4.1872e-19,-4.92089e-14,3.60937e-19,Nonagon
0.159366,1.8771e-07,2.03816e-07,1.47995e-10,2.64672e-19,3.11892e-14,7.68517e-19,Nonagon
0.159368,1.65897e-08,2.93378e-09,1.30209e-11,-2.49821e-21,-1.02818e-15,4.853e-22,Nonagon
0.15937,4.13849e-08,2.39028e-08,1.17826e-11,5.89143e-21,-1.26679e-15,-2.09529e-21,Nonagon
0.159392,3.91891e-08,5.75053e-08,7.8178e-12,-4.39263e-21,-3.76411e-16,-2.86031e-21,Nonagon
0.159376,4.79064e-08,2.26712e-08,1.07994e-11,-4.94505e-21,-1.75913e-15,2.02501e-21,Nonagon
0.159372,1.20276e-08,4.45079e-09,4.92151e-12,3.54705e-23,1.67063e-16,-7.2753e-22,Nonagon
0.159382,3.75983e-08,1.28018e-09,4.15166e-11,8.36874e-21,-7.09284e-15,4.64469e-21,Nonagon
0.159368,2.97217e-08,1.02544e-08,4.45897e-12,-3.67542e-22,6.28819e-16,8.79785e-22,Nonagon
0.15938,4.70764e-07,7.57829e-08,1.19362e-11,1.11314e-20,-4.56598e-15,-2.22877e-21,Nonagon
0.159375,4.90403e-09,3.29151e-11,7.6425e-13,2.17079e-24,3.4554e-17,-3.15918e-24,Nonagon
0.159362,1.94848e-07,5.73957e-08,6.18783e-12,-2.18287e-21,1.65358e-15,-2.97215e-21,Nonagon
0.159384,9.28435e-08,2.12686e-08,4.00648e-12,-3.04031e-23,-1.1972e-15,1.16914e-21,Nonagon
0.159382,2.93979e-08,4.86643e-09,1.12877e-11,-2.64546e-21,3.84446e-16,1.91228e-23,Nonagon
0.159379,2.61884e-09,1.88166e-10,8.65073e-12,-9.10454e-25,4.1103e-16,3.49019e-22,Nonagon
0.159378,2.27688e-09,1.82802e-09,9.4055e-13,3.51199e-23,3.9692e-17,1.69584e-23,Nonagon
0.159381,2.34073e-08,7.82017e-09,2.40462e-12,3.15328e-22,9.13544e-17,9.64361e-23,Nonagon
0.159374,6.42652e-08,2.80885e-08,4.6425e-12,-1.67423e-21,8.26172e-16,8.62965e-23,Nonagon
0.159409,2.29336e-07,2.34909e-07,4.64279e-10,3.54102e-18,1.41697e-13,3.31214e-18,Nonagon
0.159387,6.95116e-09,1.87623e-09,8.95852e-13,-2.01839e-24,5.99397e-17,3.66725e-23,Nonagon
0.159379,9.4854e-09,4.38311e-10,5.8966e-12,1.62087e-22,-4.31212e-16,2.52175e-22,Nonagon
0.159373,1.59998e-08,3.69604e-09,1.62858e-11,-3.9858e-21,6.02169e-16,-2.795e-22,Nonagon
0.159387,5.88248e-08,3.36486e-09,5.08586e-10,-5.79739e-19,-1.00023e-13,3.26423e-19,Nonagon
0.159401,6.56178e-06,3.65011e-08,1.72284e-10,-3.87294e-19,3.83076e-13,-1.91463e-19,Nonagon
0.159576,1.45357e-05,1.10131e-06,7.34516e-10,-2.05757e-17,-2.21692e-12,-3.61529e-18,Nonagon
0.159378,4.12814e-08,1.77847e-09,4.78937e-13,1.34324e-23,9.11579e-17,3.86671e-24,Nonagon
0.159391,3.24141e-08,3.84006e-08,3.10286e-11,5.21605e-21,4.5943e-15,-3.34657e-20,Nonagon
0.159389,4.58189e-07,7.50528e-08,1.22208e-10,3.53283e-19,8.1689e-14,1.10339e-19,Nonagon
0.159377,6.43134e-10,1.87293e-09,1.01223e-12,-4.388e-23,-1.65798e-17,-4.12725e-24,Nonagon
0.159369,2.41399e-08,6.89096e-08,4.87104e-11,7.88337e-20,5.95634e-15,4.18266e-20,Nonagon
0.159366,2.45443e-09,1.15508e-08,9.15751e-11,7.29511e-20,-4.52034e-15,-5.95696e-20,Nonagon
0.159395,1.69058e-08,1.06097e-09,1.37477e-11,-1.50216e-21,-1.74683e-15,7.07303e-22,Nonagon
0.159371,5.85031e-08,1.22687e-08,5.93256e-11,1.10173e-20,-1.41212e-14,4.93994e-20,Nonagon
0.159377,7.37332e-10,4.99862e-09,1.27088e-10,8.81609e-20,4.47135e-16,4.98814e-20,Nonagon
0.159374,1.77295e-09,5.08287e-08,1.83802e-11,1.59629e-20,-4.26459e-17,-7.79753e-21,Nonagon
0.15938,2.44892e-10,7.71782e-09,6.52443e-12,-2.05494e-22,-4.40165e-17,1.44957e-21,Nonagon
0.159394,2.59485e-06,1.77757e-06,3.1226e-10,7.2404e-18,-2.66998e-13,1.30348e-18,Nonagon
0.159378,5.52965e-09,2.04136e-08,5.43399e-11,3.89524e-20,-3.25407e-15,-4.19308e-20,Nonagon
0.159388,2.83767e-09,5.25715e-09,1.31999e-12,-9.77502e-23,-6.91946e-17,5.03566e-23,Nonagon
0.159386,1.95468e-07,4.47314e-08,5.17805e-13,-7.67583e-23,-1.26041e-16,1.78447e-23,Nonagon
0.159377,1.03827e-08,4.29606e-09,1.56642e-11,3.79992e-21,-1.3935e-17,1.43958e-21,Nonagon
0.159383,4.47848e-08,6.5167e-09,3.23565e-13,-9.4882e-24,-1.2617e-17,-1.14337e-23,Nonagon
0.15937,4.55491e-08,8.49974e-09,6.75976e-11,-4.22411e-20,-1.41283e-14,-2.90019e-20,Nonagon
0.159364,7.8587e-07,1.26926e-07,7.8467e-12,6.07316e-22,-6.66638e-15,7.80722e-21,Nonagon
0.159316,3.31428e-07,5.67465e-08,1.54668e-09,7.01949e-18,-1.30622e-13,-1.26763e-17,Nonagon
0.159373,2.56845e-08,1.90834e-08,2.24525e-11,-1.35892e-20,3.54119e-15,-5.5973e-21,Nonagon
0.159374,2.592e-09,2.56274e-10,7.16936e-12,-2.2301e-22,-2.63492e-16,2.11434e-22,Nonagon
0.159366,8.22182e-08,1.71907e-09,8.42833e-11,2.88042e-20,-1.78029e-14,1.41266e-20,Nonagon
0.159376,5.03156e-08,1.26329e-08,2.21286e-11,6.70873e-21,-4.4588e-15,9.58551e-21,Nonagon
0.159387,8.94663e-09,4.12752e-09,4.59131e-11,1.87916e-20,1.33319e-15,-6.80898e-21,Nonagon
0.159412,2.87428e-07,6.9962e-09,2.6041e-10,-2.7298e-19,-1.38906e-13,-2.21426e-19,Nonagon
0.159389,1.28611e-08,1.19982e-08,3.94439e-11,-2.31161e-20,-4.16927e-15,1.42108e-20,Nonagon
0.159382,2.40884e-08,2.87174e-09,3.06691e-11,-4.77049e-22,4.21733e-15,-9.08921e-21,Nonagon
0.159378,1.68729e-06,8.18591e-07,6.42163e-10,-5.98971e-18,7.07472e-13,-1.34497e-17,Nonagon
0.159332,1.50703e-07,2.28797e-07,4.63869e-11,1.04557e-19,-1.76184e-14,1.09108e-19,Nonagon
0.159367,7.31022e-08,1.63675e-08,1.91151e-11,9.13731e-21,-4.46376e-15,-5.55216e-21,Nonagon
0.159512,2.14373e-06,2.58899e-07,2.52918e-09,6.46225e-17,3.60203e-12,3.54239e-18,Nonagon
0.159452,2.19984e-06,1.31686e-06,2.08175e-09,-9.68712e-17,-3.08437e-12,-4.99633e-17,Nonagon
0.159378,1.24898e-07,5.16886e-08,3.2836e-12,3.56207e-22,7.8418e-16,-1.30502e-21,Nonagon
0.159381,1.053e-09,2.83999e-08,8.00809e-12,1.77991e-21,1.38205e-16,3.37888e-21,Nonagon
0.159379,2.94568e-09,1.93092e-09,7.75148e-13,2.4025e-23,4.33765e-18,-1.79479e-23,Nonagon
0.159382,1.10676e-09,3.08364e-10,3.71507e-11,-1.88645e-21,8.91552e-18,-3.50035e-21,Nonagon
0.159213,5.48517e-08,5.77782e-07,3.97539e-10,3.11816e-18,6.66576e-14,5.15528e-18,Nonagon
0.159379,7.10937e-08,2.2011e-08,3.23438e-12,-7.58979e-22,-7.71998e-16,4.10737e-22,Nonagon
0.159419,2.87101e-08,2.01067e-07,4.47987e-10,-4.23514e-18,-7.19844e-14,-3.75606e-19,Nonagon
0.159395,8.20761e-07,1.65269e-07,4.62662e-10,-3.29715e-18,3.09183e-15,-2.34442e-18,Nonagon
0.159383,2.91349e-08,2.01598e-08,4.20004e-11,-3.47218e-20,5.75138e-15,-1.69715e-20,Nonagon
0.159358,2.38396e-08,2.58109e-08,1.86845e-10,-1.33874e-19,-2.56355e-14,-3.87866e-19,Nonagon
0.159364,7.92528e-09,4.62329e-09,2.71486e-11,2.80094e-21,-2.27813e-15,-9.20141e-21,Nonagon
0.159386,2.96604e-08,2.54195e-09,4.87755e-11,-5.66561e-21,-8.38258e-15,1.62132e-20,Nonagon
0.159389,1.33843e-08,8.87067e-09,2.78432e-11,4.22735e-21,-3.14267e-15,-1.3176e-20,Nonagon
0.159403,5.19407e-08,1.72278e-07,2.58724e-11,-5.46097e-20,-5.48667e-15,-1.17701e-21,Nonagon
0.159374,1.38112e-08,5.63277e-09,2.3219e-12,-6.11359e-23,-2.30411e-16,-2.58404e-22,Nonagon
0.159379,1.34369e-09,5.78131e-09,5.08725e-13,1.25543e-23,-1.43458e-17,-2.45672e-23,Nonagon
0.159385,2.77636e-09,1.67717e-09,2.72487e-11,1.38346e-22,5.14963e-16,5.82351e-21,Nonagon
0.159395,4.32138e-07,6.10535e-08,1.32326e-10,-6.12206e-20,-1.29281e-14,-3.71103e-19,Nonagon
0.15929,2.11328e-06,7.21292e-07,1.64763e-09,-1.44067e-17,2.39432e-12,-5.49421e-17,Nonagon
0.159371,7.76953e-08,5.78619e-09,4.75087e-11,3.30678e-21,-9.37261e-15,-2.46885e-20,Nonagon
0.159381,3.57437e-08,5.92196e-09,3.36677e-11,-1.24979e-20,6.34486e-16,8.35479e-21,Nonagon
0.15938,2.39488e-07,7.55282e-08,6.16546e-12,-3.05775e-21,-3.00127e-15,2.88989e-21,Nonagon
0.159382,6.71411e-09,3.72936e-09,9.53972e-12,-1.79816e-21,7.05165e-16,-6.61426e-23,Nonagon
0.159371,3.44262e-07,1.56399e-07,2.41336e-10,-1.09745e-18,-1.23487e-13,9.96983e-19,Nonagon
0.1593,4.86389e-08,1.27752e-06,1.97715e-10,3.10652e-18,-2.12395e-14,4.72635e-19,Nonagon
0.159361,8.38869e-09,7.50709e-08,2.37223e-10,-7.08542e-19,-2.17259e-14,7.07208e-19,Nonagon
0.159384,2.92279e-08,4.9029e-08,3.339e-11,-7.40724e-21,-1.28528e-15,-4.20749e-20,Nonagon
0.159385,1.17177e-09,3.4822e-11,1.47304e-11,-3.16121e-22,4.58292e-16,-1.06622e-22,Nonagon
0.159381,2.01883e-08,2.74227e-10,2.19514e-11,2.58387e-22,2.27412e-15,-1.68342e-21,Nonagon
0.159371,3.51932e-09,8.57604e-09,1.33268e-12,1.17347e-22,2.7818e-17,-8.07978e-23,Nonagon
0.159381,3.20635e-08,2.17105e-08,4.26037e-12,-3.95579e-22,-6.45142e-16,-1.23384e-21,Nonagon
0.159366,4.41655e-09,4.46385e-09,5.34642e-12,-8.96587e-23,2.75147e-17,-8.21062e-22,Nonagon
0.159372,5.05607e-08,1.18324e-09,1.05417e-10,2.57791e-20,-1.17839e-14,-2.68618e-20,Nonagon
0.159375,7.55595e-09,3.01501e-10,2.51451e-11,-2.15871e-21,-1.5172e-15,3.65265e-22,Nonagon
0.159377,1.17446e-09,9.25219e-09,3.57483e-12,6.03033e-22,-6.37763e-17,-2.42962e-22,Nonagon
0.159378,5.08403e-08,1.09493e-07,1.77607e-11,-1.47362e-20,-3.00067e-15,1.99067e-20,Nonagon
0.159374,1.18882e-09,4.67537e-10,8.17107e-12,-1.96275e-22,2.28243e-16,-4.65341e-22,Nonagon
0.159343,6.31159e-07,9.24593e-08,2.75388e-09,-2.24204e-17,1.90277e-12,-3.77935e-17,Nonagon
0.159369,2.80359e-09,3.11e-09,5.89814e-12,-2.46413e-22,1.45837e-16,7.59872e-22,Nonagon
0.159381,6.70837e-09,6.2036e-09,6.56466e-12,-1.03118e-21,-3.09214e-16,8.31671e-22,Nonagon
0.159388,2.68214e-08,7.86243e-09,2.67461e-11,-7.05267e-21,-4.19668e-15,-1.00345e-20,Nonagon
0.159333,2.89634e-06,4.19191e-08,1.15143e-09,-3.67316e-20,1.58988e-13,7.99936e-18,Nonagon
0.159372,3.55862e-09,1.14164e-09,1.87221e-11,2.54061e-21,6.88884e-16,1.01841e-21,Nonagon
0.159382,1.13666e-09,4.01024e-10,8.76265e-12,4.16514e-22,1.93135e-16,-3.10383e-22,Nonagon
0.315803,3.20822e-05,4.08175e-05,3.57218e-06,4.28998e-11,-2.01521e-08,4.49209e-12,Star
0.382824,1.56987e-06,7.96584e-07,7.14667e-07,3.64171e-13,-5.49777e-10,-3.97673e-13,Star
0.369002,7.243e-07,2.62147e-06,7.82365e-06,-2.81212e-11,3.14465e-09,-2.15539e-11,Star
0.339903,1.7498e-05,6.94974e-06,1.79241e-06,5.47354e-12,-7.48754e-09,-3.17184e-12,Star
0.380299,2.72603e-07,1.20203e-07,8.93592e-07,2.76463e-13,-3.84779e-10,9.66332e-14,Star
0.377271,3.79354e-07,8.10069e-07,4.72196e-07,-1.90507e-13,-2.14751e-11,2.21349e-13,Star
0.38748,4.77462e-07,4.09058e-07,2.79892e-07,4.6491e-15,1.62729e-10,9.45919e-14,Star
0.3871,1.08478e-07,2.31758e-07,5.00365e-07,1.65558e-13,1.4703e-10,-4.02948e-14,Star
0.388907,6.83188e-06,8.62674e-06,7.20415e-07,-1.7959e-12,-1.8829e-09,1.47611e-14,Star
0.374079,6.25029e-07,2.30764e-06,1.92262e-06,-1.30219e-12,8.00203e-10,3.83465e-12,Star
0.373071,8.25575e-08,7.94665e-08,1.57277e-06,3.70444e-13,-1.16573e-10,-4.14644e-13,Star
0.359434,7.47138e-07,7.68688e-06,1.68898e-06,-9.05723e-13,1.44365e-09,-6.01795e-12,Star
0.39153,1.36199e-05,1.95993e-05,5.22748e-07,1.50628e-12,1.86944e-09,7.28618e-13,Star
0.380309,8.33802e-08,8.40034e-08,7.53719e-07,9.18479e-14,-2.81269e-11,1.6593e-13,Star
0.30178,7.84486e-05,6.17765e-05,1.60501e-05,2.8098e-10,1.38292e-07,-4.20082e-10,Star
0.374859,8.59994e-07,1.14795e-06,7.07014e-07,6.33055e-13,4.91244e-10,-7.03107e-14,Star
0.357105,3.58954e-06,4.45494e-06,3.15955e-06,-6.06553e-12,-4.87579e-09,1.01845e-11,Star
0.287248,5.91431e-05,4.73685e-05,4.94124e-07,-2.38212e-12,1.49961e-09,2.00728e-13,Star
0.363462,8.74387e-07,1.80531e-06,1.13369e-06,1.34636e-12,9.79196e-10,-9.04307e-13,Star
0.377501,1.1185e-06,9.71538e-07,2.08797e-08,-2.81685e-15,1.74994e-11,9.5346e-16,Star
0.381781,1.11678e-07,1.20754e-08,1.25541e-06,6.0781e-14,-3.8697e-10,1.4212e-13,Star
0.307803,4.04622e-06,5.9087e-07,1.33271e-06,9.86658e-14,1.55168e-09,-1.17851e-12,Star
0.374858,2.2146e-06,2.1005e-06,1.51082e-07,8.49654e-14,-2.15621e-10,4.95595e-15,Star
0.377452,5.47174e-08,1.22895e-07,4.77686e-07,2.72724e-14,4.82814e-11,1.1248e-13,Star
0.337391,5.07209e-06,6.77757e-06,1.66989e-06,-5.35985e-12,2.27027e-09,-1.68293e-12,Star
0.29153,8.39046e-05,2.5093e-06,4.7968e-06,4.10154e-12,2.49752e-08,1.61286e-11,Star
0.38155,8.51517e-07,1.10964e-06,9.96771e-07,-3.64731e-13,8.19535e-10,-9.82802e-13,Star
0.345364,5.90804e-07,3.08864e-06,1.21932e-07,-6.14564e-14,-4.4412e-11,-4.26872e-14,Star
0.298909,2.0834e-05,6.04824e-05,2.38079e-05,-2.82028e-10,9.77532e-08,8.58283e-10,Star
0.369363,7.50593e-07,3.56401e-07,3.82323e-07,-1.39892e-13,-1.21308e-10,-1.86423e-14,Star
0.384911,2.35523e-07,5.00255e-07,7.71423e-07,-3.02708e-14,1.1193e-10,4.78263e-13,Star
0.375821,7.49665e-07,4.36068e-07,1.17521e-06,-8.34117e-13,9.70567e-10,-1.097e-13,Star
0.347157,4.11321e-06,3.56082e-06,4.48887e-06,1.58179e-11,7.83947e-09,-8.47774e-12,Star
0.387946,8.72468e-06,1.18972e-05,5.56307e-07,-1.23727e-12,-1.36354e-09,7.19339e-13,Star
0.326259,2.47546e-05,1.93674e-05,1.75776e-06,-1.78229e-13,7.36277e-09,1.02544e-11,Star
0.375699,2.3182e-07,7.05978e-07,8.23674e-07,4.68832e-13,-3.24035e-10,-4.17977e-13,Star
0.389501,3.99736e-07,6.85203e-07,1.94699e-07,1.01711e-14,1.21051e-10,7.03828e-14,Star
0.31623,5.2797e-05,6.87927e-05,6.36966e-07,7.88703e-13,1.42869e-09,4.14202e-12,Star
0.326168,5.83235e-05,3.38917e-05,3.85356e-06,-4.38677e-11,-2.64612e-08,3.88224e-12,Star
0.364486,4.36004e-08,5.61643e-08,6.77416e-07,7.49612e-15,-1.1776e-10,-1.31921e-13,Star
0.389125,7.85048e-07,1.23009e-06,2.95837e-07,1.62904e-13,1.7007e-10,-7.28781e-14,Star
0.372023,1.59848e-06,2.50428e-06,5.21272e-07,-2.06234e-13,3.55979e-10,5.5873e-13,Star
0.360709,1.47949e-06,4.33029e-06,3.2514e-06,3.20784e-12,-1.41583e-09,1.17708e-11,Star
0.380033,6.96763e-07,8.20007e-07,9.38107e-07,-8.21964e-13,3.54238e-10,3.68008e-14,Star
0.379689,1.11114e-06,5.67543e-07,7.446e-07,3.35426e-13,7.81545e-10,-3.48979e-13,Star
0.366043,7.28574e-06,4.24767e-06,9.06569e-07,-1.27309e-12,-1.35605e-09,-1.24261e-12,Star
0.383846,5.36859e-07,2.37412e-07,7.84215e-07,-2.29445e-13,4.50064e-10,-2.48708e-13,Star
0.384693,8.10048e-09,8.24231e-08,2.38657e-07,3.23911e-14,1.07479e-11,8.43856e-15,Star
0.382493,9.31412e-06,1.23895e-05,7.45141e-07,-2.04271e-12,1.25391e-09,-9.76327e-13,Star
0.371565,3.13141e-06,1.44664e-06,6.19156e-07,8.43858e-15,1.0754e-09,5.85917e-13,Star
0.325988,6.29145e-05,5.52532e-05,2.20581e-06,-8.73218e-12,-1.7188e-08,-2.27323e-11,Star
0.372069,5.62906e-06,8.99941e-06,7.38054e-07,-1.90158e-12,1.3507e-09,4.5373e-14,Star
0.36402,1.26268e-07,9.77986e-07,9.94241e-07,9.6687e-13,2.75835e-10,-1.6232e-13,Star
0.378731,3.11158e-06,6.43649e-07,7.81261e-07,-3.50521e-13,1.26739e-09,-4.29026e-13,Star
0.378259,7.79542e-06,1.18389e-05,1.0402e-06,-3.25223e-13,1.21519e-09,-3.6358e-12,Star
0.384079,6.7063e-06,5.4819e-06,2.89982e-07,2.06301e-13,-6.44562e-10,-3.01849e-13,Star
0.375164,1.89356e-06,1.90336e-06,5.0838e-07,-4.17793e-13,-4.69893e-10,2.74834e-13,Star
0.376786,1.31757e-06,1.0664e-06,1.35959e-06,-8.85065e-13,6.32699e-10,-1.37722e-12,Star
0.386562,7.52654e-07,5.50009e-07,2.84599e-06,-2.23039e-12,-2.46649e-09,2.77559e-12,Star
0.378868,2.58789e-06,3.82457e-06,2.95678e-07,3.13249e-13,3.77656e-10,-2.71847e-14,Star
0.344939,2.0271e-07,1.07986e-06,1.91746e-06,2.63856e-12,-5.33644e-10,-8.06733e-13,Star
0.376537,1.95675e-06,2.29148e-06,6.76376e-08,-1.87638e-14,2.54479e-11,1.88938e-14,Star
0.37647,4.71597e-07,9.22849e-07,1.10211e-06,6.4506e-14,-5.54842e-10,1.10961e-12,Star
0.387497,7.55882e-08,2.7228e-07,5.38486e-07,1.79785e-13,9.99347e-11,-1.00957e-13,Star
0.36665,9.10745e-07,1.7216e-06,8.9623e-07,9.29125e-13,2.79314e-10,-6.13245e-13,Star
0.343495,2.89788e-06,2.01753e-06,2.69364e-06,-6.22737e-12,3.91823e-09,8.06836e-13,Star
0.370795,3.53202e-07,7.23025e-07,2.22393e-06,1.64048e-13,3.95055e-10,2.81528e-12,Star
0.345642,2.3747e-06,1.11228e-06,8.79202e-06,-2.8464e-12,3.81588e-09,2.73464e-11,Star
0.373345,5.1932e-06,2.60709e-06,4.59318e-07,1.60841e-13,7.99257e-10,-4.76201e-13,Star
0.391214,8.9047e-07,6.64726e-07,2.58521e-06,-3.30305e-12,-1.74313e-09,7.58185e-13,Star
0.337371,5.79045e-06,6.85637e-06,2.50292e-06,1.00024e-11,-4.97548e-11,-2.73087e-12,Star
0.389039,2.75263e-07,3.41168e-07,9.51753e-07,5.40741e-13,9.60178e-11,4.15946e-14,Star
0.312635,1.69759e-05,1.39855e-05,5.68677e-06,-3.6813e-11,4.66572e-09,-3.48832e-11,Star
0.369839,5.58651e-07,1.10578e-06,1.4246e-06,-2.38931e-13,-5.49585e-10,-1.77199e-12,Star
0.35725,3.33845e-05,5.76877e-05,2.43587e-06,2.40139e-11,1.3967e-08,1.60344e-11,Star
0.301248,3.94405e-05,1.70909e-05,1.83494e-06,8.79841e-12,8.99667e-09,-5.30848e-12,Star
0.369524,4.04325e-06,7.3481e-06,3.73336e-06,-1.9554e-11,3.13426e-09,4.80764e-14,Star
0.337935,2.33413e-07,2.4913e-06,1.11066e-06,1.72791e-12,3.97316e-10,-6.53931e-13,Star
0.389605,2.98433e-08,4.02109e-07,1.00947e-07,-1.97682e-14,1.65434e-11,4.78175e-15,Star
0.332572,3.45155e-05,2.84459e-05,1.35783e-06,4.12767e-12,-1.14491e-09,7.36032e-12,Star
0.381844,5.63294e-07,1.32006e-06,1.4e-06,1.57499e-12,2.83417e-10,1.06846e-12,Star
0.390202,7.5427e-06,9.72402e-06,9.71638e-07,5.69308e-13,1.76832e-09,-2.93186e-12,Star
0.303748,2.30889e-05,2.25108e-05,1.391e-07,2.45565e-13,-3.14143e-10,-1.68622e-14,Star
0.387444,2.64942e-07,4.9018e-07,4.55015e-07,2.14748e-13,-6.8663e-11,7.81655e-15,Star
0.387231,3.80184e-08,1.95346e-08,6.95157e-07,-1.18052e-14,-1.35536e-10,8.0143e-14,Star
0.363443,2.79548e-06,8.47016e-07,3.80593e-06,6.61212e-12,5.16811e-09,1.72491e-12,Star
0.383195,7.87481e-06,1.44992e-05,1.81254e-06,8.76024e-12,4.88635e-09,3.09804e-12,Star
0.325952,2.51369e-05,9.17889e-06,4.74574e-06,-6.52504e-13,-8.46459e-09,-3.13153e-11,Star
0.381967,1.80913e-07,3.52545e-07,5.94054e-07,-2.57908e-13,1.9118e-10,8.59734e-14,Star
0.350082,4.87092e-06,8.38524e-07,7.34291e-07,-5.73041e-13,1.44785e-09,-6.00862e-14,Star
0.374822,1.06845e-06,1.208e-06,3.77007e-07,-2.17774e-13,-3.89636e-10,-1.31552e-13,Star
0.355872,7.24953e-07,8.01607e-08,1.3708e-06,-2.18332e-13,2.16078e-10,3.98515e-13,Star
0.371075,3.95995e-07,1.88178e-06,2.31858e-06,2.99677e-12,1.34683e-09,-3.80451e-12,Star
0.383479,1.93197e-06,2.08296e-06,8.76411e-07,-1.16502e-12,1.19585e-09,-2.11916e-13,Star
0.367336,2.10031e-06,2.51363e-06,2.01453e-06,8.1481e-13,1.69238e-09,-4.45943e-12,Star
0.356751,8.85946e-06,1.81393e-05,3.08365e-06,1.30347e-11,8.60281e-09,-1.90258e-11,Star
0.379754,2.52189e-06,1.41907e-06,1.53438e-06,1.87492e-12,3.56929e-10,1.26926e-12,Star
0.365456,9.33337e-07,1.02735e-06,8.15266e-07,4.98745e-13,4.06526e-10,-5.54932e-13,Star
0.386832,7.39359e-07,1.74009e-06,4.64535e-07,-3.24532e-13,-3.29761e-11,-2.6289e-13,Star
0.299724,4.02846e-07,1.15464e-06,3.71293e-06,-2.6847e-12,1.93638e-09,-7.20371e-12,Star
0.371483,4.60402e-05,6.8774e-05,2.04714e-06,1.67308e-11,1.03186e-08,-1.76096e-11,Star
0.306057,2.68164e-05,2.83272e-05,1.47846e-05,-3.01566e-10,-7.54103e-08,2.45565e-11,Star
0.351057,2.69354e-06,4.4267e-06,3.24633e-07,-2.37613e-13,-5.18262e-10,3.08199e-13,Star
0.319283,3.95797e-06,8.01959e-06,3.15047e-06,-9.93715e-12,-1.01796e-09,-1.23298e-11,Star
0.374305,3.02875e-06,1.45744e-06,3.18061e-07,-1.91756e-13,3.74429e-10,-1.00618e-13,Star
0.308113,0.000103611,1.51329e-05,6.44072e-06,6.02186e-11,-1.6713e-08,2.04186e-11,Star
0.356523,3.76379e-07,9.1773e-07,1.23212e-06,1.31009e-12,-5.81358e-10,-1.59222e-14,Star
0.356029,2.88416e-06,5.30584e-07,1.0688e-06,1.6405e-13,5.59744e-10,-7.87966e-13,Star
0.332874,1.7154e-05,9.02101e-06,4.82754e-06,-2.74284e-11,-1.24008e-08,-1.62052e-11,Star
0.371951,9.25007e-07,1.34108e-06,5.88598e-07,6.45438e-14,3.6592e-10,-5.18945e-13,Star
0.371086,1.25919e-07,9.03036e-07,7.37371e-07,3.74761e-13,-2.45985e-11,-4.70745e-13,Star
